detokenize_text,sentimen
begal lawan menang begal mati penjara cacat logika urus ruu rampas aset tidak urus haha kasihan rakyat,negatif
cari draf final ruu rampas aset belum ketemu,negatif
ruu rampas aset muncul tidak bacot twitter tidak demo nya kontol,negatif
ketok palu partai kontra nolak ruu rampas aset,negatif
iya tunggu ruu rampas aset sita negara duit koruptor sembunyi negeri,positif
lihat jelang pilkada coba rakyat bukti ruu rampas aset belum sah partai partai dpr,negatif
puan maharani ruu rampas aset koruptor tidak tanda tangan wapres nya prabowo rakyat sengsara,negatif
ruu rampas aset kunci sita harta orde,positif
negara duit sahkan ruu rampas aset koruptor tidak jual tanah air,positif
isu sampah tumpang pesawat tutup fakta tumpang nasab tolak ruu rampas aset,negatif
mending desak ruu rampas aset saudara ketimbang,positif
ayo dukung ruu rampas aset sah sang putri pengaruh resiko,positif
jhon berani suara ruu rampas aset sah dpr urus orde politik,positif
kaum kadrun budak cendana babi buta jabat presiden jokowi tidak hasil tumbang presiden belum jabat bandar tekor ruu rampas aset tohok,negatif
inti ruu rampas aset belum sah periode,negatif
hoaks prabowo penjara orang tolak ruu rampas aset,positif
arti ruu ikn presiden dpr cepat wujud ruu rampas aset rakyat dpr pura pura bodoh tidak masuk,negatif
isu fufufafa cipta tutup isu tumpang nasab isu pdip tolak asah ruu rampas aset,negatif
dpr wakli rakyat dpr tidak sahkan ruu rampas aset koruptor rakyat koruptor rusak negara rugi rakyat dpr wakil rakyat mere,negatif
didih tidak usaha maksimal ruu rampas aset sah mustahil jangan pusingin udah koruptor lindung,negatif
formappi nasib ruu rampas aset gantung political prabowo,negatif
nguliknya kurang search timeline pakai keyword ketua dpr ruu rampas aset tebar kritik pdip muncul kritik partai,negatif
hahahaha liat berani dpr buru bahas ruu rampas aset anak,negatif
bukti omong tidak orasi olah menginfluense anggota dpr cepat mengsahkan ruu rampas aset koruptor tidak kesana kemari bicara sejarah manusia lihat,positif
keluarga terima gratifikasi private jet gratifikasi akar korupsi kuat suara dpr mesti jokowi mudah kesah ruu rampas aset fakta perintah tidak,negatif
langsung bukti nyata sah ruu rampas aset koruptor,positif
goblok iya blok ketokmen utekmu neng dengkul sahkan ruu rampas aset jangan kokean omong ming nggo alih isu presiden serius rampung ruu rampas aset ayo buktiin jangan omong omong,positif
kirain demo ruu rampas aset koruptor,negatif
moga good beliau pimpin tunggu sah ruu rampas aset moga cepat wujud biar tikus das mikir kalaun korupsi tidak hukum mati bagus nominal biar tidak nyal,positif
ruu rampas aset koruptor dorong dpr,positif
bela rakyat,negatif
sahkan ruu rampas aset bang,positif
semangat anti korupsi korea dealnya pimpin partai deal kuasa ruu rampas aset koruptor henti rakyat harap,negatif
ruu rampas aset omdo,negatif
ruu rampas aset koruptor cepat selesai dasawarsa jalan,negatif
ruu rampas aset selesai,positif
dpr tidak wibawa lemah sejarah ruu rampas aset koruptor tidak sentuh pansus haji,negatif
update kesah ruu rampas aset koruptor henti mohon,negatif
ruu rampas aset urusin zer buzzer orang berita duka,positif
tuju ruu rampas aset koruptor,positif
wajib bubar kesah ruu tuntung gilir ruu lindung art belum sah btw request rampas aset penggunaaan uang kartal sah presiden,negatif
sahkan ruu rampas aset indepensi kpk usut tuntas jahat,positif
perintah duit mengsahkan ruu rampas aset sayang dpr presiden suka mengsahkan ciptakerja menteri jual pasir,negatif
desak ruu rampas aset koruptor sah jabat bukti korupsi harta sita negara,positif
arti tidak setuju rampas aset rakyat politisi rumit,negatif
aduh turun buka tidak hancur ayo proses ruu rampas aset biar tutup hutang negara,positif
ruu rampas aset coba deh partai kubu jokowi mayoritas dpr tuju gampang,negatif
sistem tega hukum ketat sahkan ruu rampas aset gaji ditauin korupsi hukum mati miskin calon koruptor mikir coba negara,positif
presiden dorong kesah ruu rampas aset khilaf malam minggu papua zirkzee,positif
presiden dorong kesah ruu rampas aset khilaf minggir miskin malam minggu,positif
baca draf final ruu rampas aset baca tidak sahkan ruu pegawai negeri selenggara negara cepat sahkan,negatif
puan ruu rampas aset orang wni bukan jabat harta sita transfer koruptor bukti adil,negatif
fyi ruu rampas aset orang wni bukti korupsi terima uang koruptor bukti uang transfer koruptor bukan hasil korupsi koruptor adil tid,negatif
fokus video replay ruu rampas aset sah ruuperampasanaset korupsi ppatk kpk fokus tvtempo,positif
desak dpr ruu rampas aset sah ayo demo kaya kemarin darurat ruu henti dpr,positif
ruu rampas aset dorong ayo trending kaya darurat kemarin ayo demo mahasiswa rakyat biar adil,positif
kim kuat ruu rampas aset sah kuasa dpr khan,negatif
dokter komentar ruu rampas aset koruptor hambat koloni idp,negatif
koar ruu rampas aset kemarin ramai demo tidak muncul nunggu format,negatif
bener orang tolol otak simpan bukan pakai pikir partai nolak ruu langsung tidak wkwkw cilaka kabar ruu rampas aset kabar wkswkwkwk tolol,negatif
minimal tolol disimpen jangan umbar pikir cilaka nolak otomatis batal arti emng kuasa kaga niat ruu rampas aset hadeuh,negatif
ketua dpr nya suami korupsi bts inisiasi ruu rampas aset,negatif
tidak demo tuntut sah ruu rampas aset koruptor,positif
waras motor gerak gebrak ruu rampas aset rampas aset saudara,positif
hoaks prabowo penjara anggota dpr tolak ruu rampas aset,negatif
ruu rampas aset koruptor dpr gol koruptor aman,negatif
dukung ruu rampas aset bijak naikin harga beras,negatif
ruu rampas aset niat jokowi kim plus sahkan tanpa pdip salah pdip pdip tidak laku penuh korum,negatif
tidak berani bahas ruu rampas aset koruptor jangan kesah bahas alergi,negatif
tunggu darurat ruu rampas aset,positif
ruu rampas aset diam skb menteri rumah ibadah diam,negatif
gadang gadang ruu rampas aset gibranbocilpengecut gibranbocilpengecut,negatif
bangun negara partai kesah ruu rampas aset bukti,positif
hasil kerja menteri mark harga bos nya sok bersih dukung ruu rampas aset jokowi bersih menteri,negatif
ruu dpr dpd perintah cipta kerja bukan dpr perintah usul ruu rampas aset mayoritas partai dukung perintah mayoritas ruu rampas aset tidak,negatif
mudah demo ruu rampas aset,negatif
bingung nya berantas korupsi sii jalan pikir nya iya korupsi anak jabat bodoh ruu rampas aset henti,negatif
tidak berani mengsahkan ruu rampas aset takut senjata makan tuan,negatif
mahasiswa nyata bukan rumor gosip demo pesan bem demo pres jokowi alumni ketua bem gabung partai pkb bohir mahasiswa alergi demo ruu rampas aset koruptor,negatif
ruu posisi jabat dpr cepat banget kerja nya ruu rampas aset,negatif
tidak bahas ruu rampas aset,negatif
model cepat mecahin record semalem ruu pilkada untung rakyat demo coba kerja super cepat ruu rampas aset fufufu ngemeng unlimited tri,negatif
saking takut ruu rampas aset makan tuan,negatif
neh bocah kelompok berani nyuarain ruu rampas aset jilat ludahnye die,negatif
request langsung kabul anak mulyono nuntut mahasiswa demo ruu rampas aset tinggal mul wowo,negatif
ari ruu rampas aset meni lila disahkeunna,positif
mas peristiwa gratifikasi kaesang salah alas ruu rampas aset tidak bahas utama dpr sah,negatif
tinggal nunggu ruu rampas aset sahkan,positif
buzzer lucknut koar ruu rampas aset,negatif
negara rugi oknum korupsi bang bang desak kesah ruu rampas aset diam tidak peduli pura pura tuli buta,negatif
andai ruu rampas aset sat set sah,positif
ruu rampas aset bicara partai tidak suruh koalisi,negatif
ruu pilkada ruu tri cepat sah ruu rampas aset tidak waras koalisi jokowi prabowo kuasa dpr tidak niat ceboker pdip dasar bodoh dpr sahkan ruu menteri negara prabowo,negatif
ruu rampas aset tidak sah,negatif
ruu rampas aset sah biar korupsi mikir ribu kali,positif
puan maharani ketua sosok sah ruu rampas aset koruptor puan laga pilon indonesian darurat korupsi,negatif
ruu rampas aset koruptor negara indonesia negara hukum sistem perintah laksana demokrasi bukan negara demokrasi jangan,negatif
untung kerja cepat btw psi,negatif
konteks nyata nyata salah lengkap lawanhoax turnbackhoax mafindo,negatif
prabowo penjara anggota dpr tolak ruu rampas aset postingan rupa tangkap layar judul artikel periksa fakta mafindo manipulasi hilang tanda salah,negatif
ruu rampas aset mudah jegal lawan politik ngeri aset langsung sita tebang pilih,negatif
demo perihal ruu rampas aset koruptor tidak gubris gaji rakyat kerja bukan rakyat gaya hidup mewah,negatif
gera politik mati desak meng gol ruu rampas aset kawan kawan lipatgandakan desa ruu perampasanaset masuk prolegnas jokowi doorstop desak ruu,positif
naah kim plus wujud partai jangan salah pdi melulu niat tidak anggota dewan sahkan ruu rampas aset koruptor kerja laku,positif
ruu rampas aset hukum mati koruptor tidak kurang,positif
yah tidak ngomong buzzer cap tikus suruh sahkan ruu rampas aset dominan suara dpr dominan tidak,positif
nasib ruu rampas aset kliping dokumentasi hukum kpk korupsi jagung menkeu,negatif
saking malu buzzer abah belepotan kesana kemari teriak harun mas ruu prt rampas aset tidak tonton cerita tonton tidak nyantel gampang dikibulin waras oke tunggu proses hukumn,negatif
solusi tinggal sahkan ruu rampas aset koruptor susah korupsi,positif
indonesia tum koruptor happy happy main mata hakim masuk penjara kamar first class aaetnya tidak sita vonis rang bebas cepat ratus miliar ruu rampas aset,negatif
ahay kader tahan jagung jabat kantong uang hasil proyek bekas bayang proyek proyek bayar kabar harap ruu rampas aset partai bahlul,negatif
aneh banggar dpr tidak masuk ruu rampas aset koruptor prolegnas,negatif
khabar ruu rampas aset mpok dpr colong muluk jabat korupsi,negatif
mba ayo ria ruu rampas,positif
ruu rampas aset laku habis miskin kader banteng,negatif
mulyono dorong ruu rampas aset parpol koalisi dukung nya tidak setuju,negatif
nahh jelasinn temen balesan nya anak abah tolol dihh anak abah dihh korupsi bela penjara coba ruu rampas aset tidak kunjung ituu,negatif
gembar gembor ruu rampas aset suara,positif
istimewa ayo kelompok ria ruu rampas aset jangan ramai negasi aksi mahasiswa belum,positif
wakil ketua badan legislasi baleg dpr ahmad dol kurnia dpr tidak tolak bahas rancang undang undang ruu rampas aset ruu rampas aset tidak daftar usul ruu dpr masuk program legislasi nasional,negatif
dukung visi anti korupsi presiden prabowo aleg pks dorong ruu rampas aset masuk prolegnas prioritas dukung visi anti korupsi presiden dorong ruu rampas aset masuk prolegnas prioritas muhammad kholid,positif
ruu ubah bentuk atur undang undang ruu mha ruu kumpul ruu rampas aset,positif
bincang teman teman bicara berantas korupsi tanpa ruu rampas aset jangan simpul dpr tolak ruu rampas aset terima rampas aset,negatif
jabat korupsi kesah ruu rampas aset,positif
baleg kaji butuh ruu rampas aset regulasi berantas korupsi beritanasional rabu korupsi baleg ruu,positif
ruu rampas aset tidak masuk prolegnas baleg dpr buka suara bnetwork,negatif
khawatir ruu rampas aset sahkan kpk nya tidak independen ketek kuasa,negatif
iqra goblok buzzer goblok situ baca belum draf ruu rampas aset,negatif
makan triliun koruptor bela orang musuh tidak kesah ruu rampas aset fixxx anak abah dzalim biadan semuah masuk abah,negatif
orang sok idealis tagar indonesia daurat indonesia tidak ayok demo jangan ribut bela ruu pilkada untung partai bela ruu rampas aset koruptor,positif
iya sita harta ruu rampas aset sah,positif
susah ujung tombak berantas korupsi malas bahas ruu rampas aset koruptor berani koruptor,negatif
ruu rampas aset dpr duga takut masuk prolegmas syah jabat usaha kaya raya cemas hasil kekayaanya selidik,negatif
orang sok idealis tagar indonesia daurat indonesia tidak ayok demo jangan ribut bela ruu pilkada untung partai ruu rampas aset koruptor kicep vangke,negatif
tanpa tuju tum partai wakil partai berani kesah ruu rampas aset mas bambang pacul bilang tanpa restu tum tidak proses lahhh,negatif
indonesia darurat korupsi sahkan ruu rampas aset bayang koruptor tangkap enak senyum hukum nya ringan,positif
sulit harap bangsa,negatif
ringan ruu rampas aset sah,positif
ruu rampas aset tidak masuk prolegnas mimpi kosong miskin,negatif
ruu rampas aset milik urgensi ruu prolegnas prioritas kerja berantas korupsi stagnan via,positif
dukung visi anti korupsi presiden prabowo aleg pks dorong ruu rampas aset masuk prolegnas prioritas fraksi pks perintah sigap dim nya,positif
btw jangan lena gebrak perintah kliatannya ngeringkus koruptor ruu rampas aset tidak masuk prolegnas bener serius selesai korupsi negara ato neken oposisi,negatif
topik diskusi pagi dorong dpr bahas ruu rampas aset pandang teliti pusat kaji antikorupsi ugm yogyakarta,positif
ayo bangsat hestek darurat kesah ruu rampas aset,negatif
pikir ruu rampas aset bukan butuh,negatif
jangan hukum mati hukum rampas aset tidak tuju dpr dorong jokowi kali jokowi mahasiswa demo lolos ruu rampas aset tidak baya,negatif
harap presiden tuntas ruu rampas aset,positif
yth presiden yth ruu rampas aset koruptor sahkan tidak kesah rakyat curiga tidak serius bangsa negara keliling koruptor,negatif
gas poll ruu rampas aset goal dpr kejang kejang koruptor,positif
ruu rampas aset tidak masuk prolegnas usul dpr baleg konsolidasi kaji,negatif
ruu rampas aset harap bangsa korupsi,positif
tolol ruu rampas aset kebut jokowi prof mahfud otak bayar rusuh negara tod,negatif
prabowo kerap bicara antikorupsi pukat ugm desak perintah dpr sahkan ruu rampas aset tempometro,positif
kyknya sulit sahkan ruu rampas aset koruptor,negatif
ruu rampas aset,positif
lucu fokus demo ruu rampas aset orang waras mah milih paslon sahkan ruu rampas aset sok peduli korupsi ngehujat orang sah ruu rampas aset kocak,negatif
ruu bukti tolak dpr jaman mega presiden ruu rampas aset tolak dpr jaman sby jokowi presiden,negatif
tidak mudah tidak jujur hati nurani mesti mudah mudah niat korupsi ruu rampas aset tidak bahas takut miskin hukum mati laku korupsi,negatif
ruu rampas aset koruptor indonesia tidak darurat,negatif
dorong ruu rampas aset gulir rapat baleg dpr,positif
ruu rampas aset tinggal sah cepat mafia tidak rakyat berisik lihat tidak serius tangan korupsi jamur masif rakyat tidak lelah mens,positif
baleg dpr dengar komisi iii ruu rampas aset,positif
baca berita belum keliyatan min biang kerok ruu mangkrak dpr,negatif
ruu rampas aset rakyat disahinnya tuntut mang kuasa objektif kerja jangan makan kriminalisasi framing media bangkitin karakter orang salah,negatif
perintah dpr isi koalisi tidak political willnya sahkan ruu rampas aset political willnya rakyat tidak demo,negatif
bud arahin buzzerrp ramein ruu rampas aset biar cepat sah tom lembong laku buzzer nekan dpr,positif
wakil ketua baleg nyata usul komisi iii ruu rampas aset masuk prolegnas via,negatif
dpr anggap ruu rampas aset belum,negatif
suka nonton berita yutup isi tangkap koruptor sahkan ruu rampas aset miskin koruptor nyala presiden,positif
baleg dpr berantas korupsi indonesia efektif tanpa ruu rampas aset baca lengkap,negatif
ruu rampas aset tunda penuh suka miskin,negatif
bagus koruptor berantas tidak tebang pilih sahkan ruu rampas aset,positif
mumpung ruu rampas aset belum sah,negatif
jokowi ruu rampas aset sah gilir ungkit ungkit bukan era adil tidak,negatif
moga era prabowo rampas aset sah rakyat tidak setuju rampas aset sanksi ruu rampas aset jokowi jabat belum sah,positif
tidak proses ruu rampas aset modal kampanye pileg pilpres pilkada puluh ratus miliar tekor bandar kolega nya sah isu rampas aset angin surga negeri penya,negatif
korupsi tidak selidik heran koruptor bain nyerang perintah nyata baris bela koruptor ogah demo ruu rampas aset dolo idola koruptor heran koruptor bis,negatif
baleg dpr ruu rampas aset kaji ditindaklanjuti,positif
tahan indonesia enak koruptor duit hukum ringan kaya aman bebas jabat asuog tidak berani sahkan ruu rampas aset matane picek,negatif
tidak indikasi dpr korupsi perintah bukti perintah tidak ngotot kesah ruu rampas aset pegang uang negara perintah tidak dpr korupsi tanpa bekerjasama perintah,negatif
wakil ketua baleg dpr ahmad dol kurnia ruu rampas aset bahas masuk program legislasi nasional prolegnas,positif
ruu rampas aset,positif
pks wanti wanti ruu rampas aset jangan tunggang politik newsupdate update news text,negatif
nya partai berani sahkan ruu rampas aset ruuprt ruu tanah adat kacung tum par tainya projo gabung kacung par tai grandong tidak berani sahkan ruu,positif
beliau saran bubar dpr ngeri dpr wadah koruptor jokowi sahkan ruu rampas aset tutup kuping takut jdi miskin,positif
bukan jokowi dukung ruu rampas aset,positif
kubu takut kesah ruu rampas aset koruptor,positif
ruu rampas aset tidak mudah wakil wakil rakyat mudah rakyat,positif
legislator pks harap baleg periode harap masyarakat iya ruu rampas aset alat politik indonesia,negatif
tidak berani men sah ruu rampas aset jangan mulut,positif
pks sorot ruu rampas aset tekan mitigasi tidak alat politik,negatif
ruu rampas aset tidak masuk prolegnas usul dpr icw kecewa ruuperampasanaset,negatif
takut miskin ruu rampas aset sulit,positif
closing statement lucius salah kanal usul buka ruang publik usul ruu dpr ruu harap prolegnas salah ruu rampas aset harap publik,positif
indonesia corruption watch icw nilai langkah dpr tidak masuk rancang undang undang ruu rampas aset daftar usul program legislasi nasional prolegnas kecewa publik,negatif
ruu rampas aset koruptor,negatif
ruu rampas aset usul perintah belum pimpin dpr surat presiden belum bicara tingkat ruu tidak muncul disparitas tidak tangkap dpr wujud,negatif
bicara lucius karus teliti senior forum masyarakat peduli parlemen indonesia iya badan legislasi kumpul ruu daftar prolegnas berita nasib ruu rampas aset,positif
kpk sorot ruu rampas aset berantas korupsi,positif
pukat ugm harap prabowo perintah koalisi prioritas ruu rampas aset,positif
rakyat usul dpr bubar biang karupsi ruu rampas aset tunda pdip megawati,negatif
scara akal sehat mmbenci mantan presiden tolak ruu rampas aset koruptor cari alas liat bersih orang mmng mental korupsi sok bilang mantan presisden sgala kura,negatif
jabat bank china hukum mati korupsi,negatif
pdip tidak usul sahkan ruu rampas aset koruptor,negatif
independensi kpk sahkan ruu rampas aset,positif
bahas korap korupsi melulu noh ruu rampas aset implementasi,negatif
aduhhh mas liat suruh belah suruh demo ruu rampas aset tidak mahasiswa,negatif
tegak hadap korupsi ruu rampas aset cepat lembaga kait hukum polri jaksa hakim benah,positif
perintah yusril kpk sahkan ruu rampas aset korupsi harta rampas negara tanpa syarat hukum koruptor jangan batas hukum mati korupsi miliar wajib hukum mati,positif
betol ruu rampas aset kendala naseb,negatif
ruu rampas aset sah dpr jangan malas,positif
presiden ppn imbas orang cilik tidak cari dana bangun bocor ulah koruptor rampas aset koruptor ruu nya sahkan,positif
sahkan ruu rampas aset usul ruu korupsi hukum mati,positif
tidak omong aksi nyata perpu dpr sahkan ruu rampas aset tidak omong,negatif
partai tidak berani masuk ruu rampas aset bukti harta prolegnas isi koruptor nga aju lihat partai dukung nga,negatif
nyungsep nyungsep jangan bilang tidak jujur bla bla bla bongkar ruu rampas aset tidak selesai selesai ngebahas nya peti,negatif
prioritas kesah ruu rampas aset ruu ptuk,positif
coba ruu rampas aset kobar jangan demo tidak masuk akal,negatif
babi koruptor kpk mandul dipliara ruu rampas aset bukan prioritas prolegnas ancurr,negatif
misi didik kesah ruu rampas aset korupsi,positif
orang semangat kerja partai ruu rampas aset tidak kunjung sah kuasa raup rizki haram limpah bohong teriak teriak berantas korupsi tidak sahkan ruu pdi berani partai takut kolep,negatif
coblascoblos kek tidak legislatif eksekutif suara ruu rampas aset golputaja,negatif
gilir pajak dikerjain cepat cepat buru buru cari duit ruu rampas aset diam tidak disahin tidur pulas sungguh sial woe beneran bukan,negatif
banteng korupsi ruu rampas aset tidak bahas,negatif
nyata korupsi negeri kanker jalar tubuh wabah sulit berantas ruu rampas aset tidak masuk prolegnas rupa indikasi mental korupsi dominan juang bang,negatif
ruu rampas aset tidak masuk daftar program legislasi nasional prolegnas prioritas ruu masuk prolegnas jangka lega elite korupsi modal pileg pilkada,negatif
hukum koruptor belum lawan tidak tindak contoh ruu rampas aset kabar,negatif
ruu rampas aset susah realisasi saudara hukum mati,negatif
ruu rampas aset ajang adu kuat ajang sandera menuandera logika perintah anggota dpr tidak berani kesah ruu hukum cepat sah undang,negatif
sulit kesah ruu rampas aset presiden prabowo kuat terap,negatif
babat habis judol next babat habis koruptor sahkan ruu rampas aset korupsi,positif
anjing kuasa diam gilir lengser koar koar goblok lolos ruu rampas aset kuasa gobl,negatif
bison ogah proses ruu rampas aset takut duit judol rampas negara bison tantang pres perpuu pan,negatif
bgmn perioritas ruu rampas aset dpr perintah suka korupsi,negatif
bukti berantas korupsi omong basmi koruptor revisi tipikor masuk hukum mati koruptor rugi negara minimal milyar usul ruu rampas aset bersih pecat oknum kotor lemb pngk hukum,negatif
janji janji dukung goalkan ruu rampas aset kentut,negatif
milu biaya hasil milu tidak mengakomodir rakyat desak ruu rampas aset,negatif
urus berantas korupso naikin pajak koruptor raja lela kpk lemah ruu rampas aset tidak beres beres ruu pilkada kemaren cepat naikin pajak kaya koruptor,negatif
dewan parlemen syetan sudi bahas,negatif
tidak usab strike strike sah ruu rampas aset berani tidak dpr,negatif
inget tidak rapat dpr jalanin ruu rampas aset bos nya tidak acc tidak ketok palu bambang pacul bilang tidak acc,negatif
koq susah lolos rampas aset koruptor koruptor loo maling duit rakyat ruu desak sahkan,negatif
pasal kena pasal takut tppu alias miskin kisi kisi ruu rampas aset koruptor tppu,positif
sehat selesai judol sahkan ruu rampas aset korupsi,positif
tidak tidak suruh anggota fraksi dorong kerah ruu rampas aset,negatif
clue ruu rampas aset tidak kelar,negatif
madilog dialog ruu rampas aset langkah progresif ancam koruptor halo keluarga mahasiswa upnvj edisi kali bawa isu putar tebak,negatif
ruu rampas aset tidak masuk prolegnas berantas korupsi prioritas utama perintah alas perintah tidak gesa belum sepakat kait judul,negatif
pdi tidak berani gertak sambal berani ruu rampas aset sahkan pdi tidak berani elitte partai libat korupsi ktp puan pramono anung hasto,negatif
dpr srmakin lihat belang ruu rampas aset tidak masuk prolegnas dpr,negatif
takut bahas sahkan ruu rampas aset curiga,negatif
ott larang ruu rampas aset ngak tangkap kpk telepon koruptor manja,negatif
sakit kronis indonesia korupsi coba tidak korupsi rakyat hidup makmur biar tidak korupsi hukum maksimal koruptor ruu rampas hak aset sahkan biar harta koruptor rampas takut koruptor,positif
pdip nasib ruu rampas aset urgen terbit perppu ayombangundeso gelorapurworejo pituruh kemiri bruno sekartejo wonoyoso karanggetas prigelan somogede kalimeneng kemirilor kapiteran loning brunorejo purworejo wahyudi anismatta fahrihamzah,negatif
aria bima wakil ketua komisi dpr bahas ruu rampas aset masuk prolegnas jangka bahas ruu rampas aset tidak laku gesa gesa,positif
aria bima respons nyata menteri hukum supratman andi agtas lobi ketua partai politik bahas ruu rampas aset,positif
politisi pdi juang aria bima tantang perintah terbit atur perintah ganti undang undang perppu kait ruu rampas aset nilai desak,positif
menkum bilang berantas korupsi agenda utama presiden lucu ruu rampas aset tidak masuk prolegnas ruu prioritas,negatif
kim pegang kuasa prioritas arah tum tum oposisi pdip kim suara ngotot ruu rampas aset pdip ahyoo mikir,negatif
paham kumpul hormat ogah kesah ruu rampas aset,negatif
ruu rampas aset populer jelang milu,negatif
masuk belum ruu rampas aset masuk prolegnas belum iya,negatif
tanpa prabowo presiden omong omong bebas negeri maling sahkan ruu rampas aset,negatif
kait coba otak haters jokowi anak abah tidak buzzer pokok salah jokowi tidak peduli nyambung tidak tidak jabat hidup koruptor tolak ruu rampas aset sah,negatif
jangan mimpi prabowo perppu rampas aset ganjal ruu rampas aset dpr gang gerindra menkumham,negatif
lhaa mas pdip mayoritas fraksi mingkem kait ruu rampas aset koruptor pdip minoritas kursi kursi kim terbit perppu ideny tpsemua pulang presiden prabowo,negatif
kaya ruu rampas aset molor sah,negatif
ruu rampas aset tidak masuk prioritas icw singgung komitmen dpr baca lengkap berita hukum politik ekonomi,negatif
ruu rampas aset ruu,positif
ruu rampas aset usul presiden tidak tanggap ketua dpr pdip pro perintah tidak masuk pembahsan sakarang teriak pos,negatif
ruu rampas aset tidak prolegnas koruptor happy,negatif
kim plus mulyono geng kerja kerdilin pdip olah partai menang tidak dukung ruu rampas aset keluarga mulyono kena gratifikasi takut rampas negara aset maling,negatif
bahas ruu rampas aset dpr tinggal syarat biar bawa kurang paham,negatif
ruu rampas aset alot dpr presiden prabowo tekan perpu rampas aset laksana hukum politikus pdip tantang perintah teken perppu rampas aset,positif
biar negara tidak rugi kebut ruu rampas aset jangan korupsi bangke bangke,positif
apotik tutup tong apbn uap korupsi era mulyono ruu rampas aset belum ketuk kim plus haram ded doyan tidak,negatif
pdip tidak bahas ruu rampas aset sok nantang perintah partai ayam betina tidak sok,negatif
perintah tolak ruu rampas aset,negatif
lupa laku jegal ruu rampas aset,negatif
ketua dpr pimpin anak megawati jangan harap ruu rampas aset lolos,negatif
ketua dpr pimpin partai banteng jangan harap ruu rampas aset lolos,negatif
mabok lupa orang hilang ruu rampas aset lupa laku utama nya partai nya,negatif
niat nya cari simpati bunuh pedeipeh hambat ruu rampas aset takut maling kena,negatif
prabowo penjara anggota dpr tolak ruu rampas aset presiden prabowo menteri hukum ulas ulang ruu rampas aset unggah isi klaim prabowo penjara anggota dpr tolak ruu rampas aset rupa konten,positif
kejar tangkap coba ruu rampas aset koruptor hukum mati tanda tanganin uang rakyat hak rakyat bal rakyat nikmat nya,positif
ruu rampas aset bukti deh sulit percaya ruu gol korban terap politisi duduk eksekutif legislatif anggap,negatif
bukan nya pdi tidak sah ruu rampas aset,negatif
ruu rampas aset gantung olah dpr takut gorok leher,negatif
wakil rakyat mangkrak ruu rampas aset koruptor hilang bnyak uang negara pdahal negara btuh anggar subsidi bbm subsidi sehat didik infrastruktur subsidi rmh tinggal,negatif
anggota dpr takut ott ruu rampas aset takut kes hindar,negatif
alhamdulillah untung tidak milih golput pileg pilih tidak mempertanggungjawabkan pilih kelak akhirat pilih orang brengsek gaji gede pensiun uang rakyat,negatif
box jangan harap ruu rampas aset sah masuk prolegnas,negatif
koruptor hukum penjara tidak suruh balikin sesuai rugi negara bayar denda penjara ringan dpr sahkan ruu rampas aset gilir milu cal,negatif
tidak desak kesah ruu rampas aset koruptor uang negara ilang hasil korupsi ubah harta gerak,negatif
tolak ppn sgt bahaya apbn smuanya hitung teliti wakil rakyat kumpul orang bodoh bsa kritik ruu rampas aset mangkrak kaum celeng pdahal uang negara ilang koruptor,negatif
rapat kerja raker susun prolegnas ruu jangka prolegnas ruu prioritas,positif
usul rancang undang undang ruu rampas aset kait tindak pidana program legislasi nasional prolegnas,positif
ruu rampas aset masuk usul prolegnas kakanwil kemenkumham malut dukung langkah menteri hukum jakarta menteri hukum republik indonesia supratman andi agtas perintah komitmen kuat berantas korupsi,positif
tolol mending sah ruu rampas aset opini tolol bgini dunia,negatif
negara korupsi hukum mati indonesia tidak korupsi negara percaya hadap pajak beda wajar benahin percaya masyarakat pajak utama ruu rampas aset,negatif
mas produk dpr perintah nyusahin liat ruu rampas aset tidak masuk prolegnas otak kriminal waspada gorok leher dis,negatif
nya perintah korek pajak orang cilik kais rejeki untung minim duwit sejahtera korupsi tidak sahkan ruu rampas aset koruptor efek jera,negatif
kaya tidak lgsg dor singgung ham perintah ribet ruu rampas aset tidak disahin nya butuh biar optimal implementasi tidak salah sasar,negatif
puan maharani ketua ruu rampas aset koruptor tidak masuk prolegnas serius tidak dpr berantas korupsi,negatif
hahaha dahvtaubkan sebenernya tidak beres emng tidak wakil rakyat dpr orngbmereka nikmat hasil korupsi ruu rampas aset gaknbakal tuju,negatif
bilang ruu rampas aset pedang mata rawan diktator kawan tikus wkwk australia terap unexplained wealth perintah diktator,negatif
mmbuktihkan min pimpin ideal tidak belum timbul ragu ott tiada lbih utama cegah sisi ruu rampas aset belum mnjdi yaki,negatif
amanah konstituen masuk prolegnas ruu rampas aset laku konstitusi ahkan amnesty pajak,negatif
ruu rampas aset miskin koruptor acc keun,positif
ruu rampas aset pisau mata reminder,negatif
tidak nyinyir protes psi sok bahas ruu rampas aset aksi protes ruu pilkada darurat agustus,negatif
habiburrohman elit gerindra refleksi sikap prabowo thd korupsi koruptor duo gerindra supratman menkumham,negatif
harap ruu rampas aset kerjain iya miskinin,negatif
perintah menkumham supratman gerindra,positif
presiden perintah dorong kuat tenaga ruu rampas aset rampas aset,negatif
boro boro sahkan ruu rampas aset usul mentang mentang mayoritas dukung perintah tidak inget ruu rampas aset nya,negatif
eksekutif legislatif jalan iring untung kantong kron,negatif
anggota dewan pilih kamar henteu niat berantas korupsi ruu rampas aset hambat maha atuhnya orang rakyat rakyat geruduk gedung dpr netanyahu giselle janda towel pam bondi dnipro,negatif
nyindir melulu tidak action keluarin perppu revisi ppn suruh koalisi dpr sah partai koalisi mengsahkan ruu rampas aset koruptor pro rakyat anti kor,positif
omong suruh partai koalisi dpr mengsahkan ruu rampas aset koruptor tinggal panggil tum partai koalisi kertanegara ngapain denda suruh jarah sahkan,positif
tidak dukung ruu rampas aset sah orang orang tidak perjuangin kmn gilir ramai vonis tidak ngamuk ruu rampas aset,negatif
demo sah ruu rampas aset blog bukan teriak mulyono,negatif
kelas presiden nyindir langsung tindak sahkan ruu rampas aset omong omong,negatif
ruu rampas aset koalisi gendut ngapain pidato rap aksi nol,negatif
tunggu instruksi kerja nyata ruu rampas aset sah shg tidak anggap omong berantas korupsi kejar antartika,positif
draf ruu rampas aset endap bas meja rampashartakoruptor,negatif
demo ppn tidak tarik simpati rakyat demo mintak sah ruu rampas aset koruptor ramai,positif
min titip pesan sahkan ruu rampas aset koruptor evaluasi kerja hakim tipikor batalkanppn persen,positif
jangan sindirian miskin takut ruu rampas aset sahkan jendral,negatif
hukum pancung alas dpr presiden prabowo tidak niat kesah ruu rampas aset maling jangan harap ruu tsb sah,negatif
wkwkwkwkwk bajing ruu rampas aset koruptor tidak tuju,negatif
evaluasi reformasi adil tipikor parah putus sahkan ruu rampas aset koruptor lampu merah tega hukum negeri,positif
dorong ruu rampas hak aset sahkan berthn nginep dpr tidak sahkan,negatif
mon omong ruu rampas aset tidak sah dpr tinggal nyuruh partai koalisi dpr mengsahkan ruu,negatif
nyali suruh partai koalisi dpr mengsahkan ruu rampas aset koruptor tidak mon omong,negatif
jangan mon omong partai koalisi dpr mengsahkan ruu rampas aset koruptor jangan nyuruh koruptor hasil korupsi tidak paksa rampas susah laku,negatif
ayo kader pdip inisiator kesah ruu rampas aset jangan retorika,positif
presiden berantas korupsi perintah kim plus mayoritas hoalkan ruu rampas aset koruptor prabowo tanda tangan serius basmi korupsi hukum mati koruptor jamin koruptor mikir korupsi,negatif
yaelah ted prabowo tinggal nyuruh partai koalisi dpr mengsahkan ruu rampas aset koruptor tidak laku berantas korupsi mon omong,negatif
berani beneran jangan takut circle bpk berantas,negatif
omong aju ruu rampas aset jangan alesan,negatif
pdip dorong ruu rampas aset sah bang,negatif
suara jangan biar ktidakadilan tegak hukum megara trjadi gmna solusi kdepannya hukum mati piye ruu rampas aset sah mnjadinuu ngak,negatif
tidak mon omong dorong dpr mengsahkan ruu rampas aset koruptor dpr koalisi nunggu lebaran kuda,negatif
ruu rampas aset koruptor blon sah dpr dpr asai kimplus koalisi partai dukung prabowo nunggu jangan omong berantas korupsi wacana mon omong,negatif
inisiatif project meng aduk tay sambut moga ppn tidak ruu rampas aset hukum aamiin tidak tuntun,negatif
publik sadar pdip partai kuasa parlemen tidak kesah ruu rampas aset koruptor lindung koruptor munafik bilang rakyat,negatif
tai kucing prabowo niat berantas korupsi dorong,negatif
demo mahasiswa mahasiswa mah pilih demo ruu rampas aset tidak demo maksa dpr mengsahkan,negatif
bengak ngapain jga demo ruu rampas aset anggota dewan partai usung perintah,negatif
koar mengsahkan ruu rampas aset omong perintah dpr tidak mengsahkan tlihat laku dana csr ruu modifikasi shg thin,negatif
langsung atur minimal dorong kesah ruu rampas aset presiden senjata bijak bukan omong,positif
akedemisi cari ribet sahkan ruu rampas aset koruptor beres pakai atur bingung akademisi,positif
landas hukum kutbah setneg sahkan ruu rampas aset,positif
macet dpr mahfud nilai kesah ruu rampas aset solusi efektif tangan korupsi banding koruptor diam diam tuju dpr perintah macet dpr mahfud,positif
jangan salah pdip inisiasi ppn gerindra nikmat perintah batal sahkan ruu rampas aset divestasi saham tambang nikel asai rrc virtual dragon,positif
rakyat ppn batal jaga daya beli masyarakat polri pajak stnk kendara motor sahkan ruu rampas aset fokus swasembada pangan,positif
wkwwk paham ruu rampas aset wkwkww,negatif
ruu rampas aset sah,positif
bajing jabat indonesia ruu rampas aset tidak emis ubah maling,negatif
harap maling ngembaliin uang maling omong kosong dar malu tidak besit hati koruptor serius gesa ruu rampas aset sahkan jangan omong omong,negatif
mohon maap,positif
presiden dngn koalisi mayoritas dpr kim plus ruu rampas aset tuju prabowo janji rang korupsi rakyat gebrak perintah dngn kim plus,positif
beda presiden kenal juluk macan asia sikat hbs singapura prabowo fokus tangkap koruptor kelas kakap sbntr ruu rampas aset kim plus mayoritas dpr getok palu,positif
ruu rampas aset iya lupa negara tidak serius urus bgtuan,negatif
sahkan ruu rampas aset,positif
berani bersunguh berantas korupsi maju ruu rampas aset,positif
kejar jangan cemen sahkan ruu rampas aset,positif
mhsw tidak buah perpu diterbitkn tidak perpu prlu tuju dpr tidak perpu tolak dpr mending ajar baek jangan demo muluk suruh jokowi desak dpr kesah ruu rampas aset eeh brenti demo,positif
dpr posisi ruu rampas aset hrsnya tidak sulit lolos mayoritas sepamahaman tinggal omong,negatif
presiden bagus ajak koruptor tobat beda konteks efek jera koruptor bukan suruh tobat hukum jera miskin koruptor,negatif
rakyat susah ppn tunda laksana perintah cari solusi tombok apbn defisit hemat beres duga main aparat pajak usaha kesah ruu rampas aset,positif
perintah tangan parlemen asai koalisi kimpet nunggu tinggal ketok palu ruu rampas aset syah cundang,negatif
kesah ruu rampas aset prestasi prabowo karirnya presiden tidak warga indonesia semat juluk anti korupsi presiden prabowo,positif
ruu rampas aset tidak sahkan belum aman aset wkwk,negatif
sahkan ruu rampas aset bukan maaf uang buka laaaah biar paham darimana dalil,positif
sipelawak ketua komisi iii berani coba dorong ruu rampas aset undang jangan bilang jangan dengerin omong orang gagal tidak ruu oerampasan aset tidak undang manusia gagal,negatif
langkah berantas korupsi sahkan ruu rampas aset,positif
cair cair mahasiswa uang mahasiswa tidak demo syah ruu rampas aset koruptor tidak byr,negatif
kakek omong omong yah resmi ruu rampas aset dodol,negatif
diksi curi nada ruu rampas aset sadar rampas paksa pasca pilpres kalah goreng bahan hujat,positif
kasihan rakyat minimal ruu rampas aset koruptor bjir,positif
tidak ruu rampas aset belum sah,negatif
presiden mediocre coba bodoh rakyat dng statement nya bodoh presiden tidak dorong ruu rampas aset tindak bersih sapu kotor,negatif
dengar koruptor tobat masyarakat hukum mati koruptor,negatif
kapasitas tobat wilayah batin konsekuensi fisik alias denda mesti jalan tobat otomatis bukti curi harta habis miskin legal ruu rampas aset,positif
biar tidak sia sahkan ruu rampas aset,positif
arti ruu rampas aset dii undang buruaan presiden desak dpr sahkan,positif
busyeet paslon undang acara paku integritas kpk pilpres paslon nomer genap tidak nyinggung ruu rampas aset naikin gaji hakim tegak hukum,negatif
irwan prasetyo tandain alas hujat argumen sampah bodoh usaha edukasi logika bukan makasih ngelunjak konten comparing pajak jerman indo simpul bawa ruu rampas aset ngaco,negatif
bijak belum masak ruu rampas aset,negatif
ancam adil partai orang licik hambat ruu rampas aset koruptor,negatif
ruu pilkada kebut triliun kucing ruu rampas aset sulit maju,negatif
maaf koruptor harap limpah hasil jarah harap aneh belum ruu rampas aset jalan fungsi kumpul dana anggap,negatif
orang negarawan macan asia claimnya dorong ruu rampas aset berani tidak,negatif
hukum hukum jerat koruptor masuk cegah,negatif
bener mahfud gagal ruu rampas aset gagal slh nya gerindra,negatif
ruu rampas aset bukan desak,negatif
tidak gaung ruu rampas aset presiden basmi koruptor sahkan ruu rampas aset,negatif
sahkan ruu rampas aset donk,positif
ruu rampas aset sah tidak muter isu koruptor takut miskin nilai orang tobat,positif
partai,negatif
koruptor tidak kapok fasilitas jabat bossnya maling otak atik atur maling sejahtera lemah kpk gilir dorong bahas mensahak ruu rampas aset rumit,negatif
raja omong kampanye kucing asia buzzer ribut rampas aset kucing asia bicara koruptor alutsista selamat uang negara hasil ruu rampas aset tidak sah koruptor alutsista tidak hukum,negatif
sahkan ruu rampas aset miskin koruptor koruptor tidak ampun say ampun koruptor,positif
ruu rampas aset tidak kunjung sah takut dpr tidak korupsi,negatif
ruu rampas aset ruu uang kartal gimana kabar,negatif
ruu rampas aset sahkan dpr dpr,positif
sahkan ruu rampas aset,positif
tobat urus maha kuasa urus koruptor ngerampok duit rakyat proses hukum laku ruu rampas aset koruptor nga pakai negara punyak hak rampas,positif
pantesan ruu rampas aset tidak kunjung sah koruptor nya kejar antartika taik kucing,negatif
jends gedung dpr isi banteng mahasiswa takut banteng gimana ruu rampas aset kaga sah sahkan surat presiden abai,negatif
suruh cepat sahin ruu rampas aset gilir mslh ruu rampas aset tidak disahin tidak demo ribut hukum koruptor minimal penjara miskin cuy,negatif
bukti tunggu rakyat tidak maaf ditindaklanjuti aju ruu dpr rampas aset koruptor jangan omong bijak tindak salam sehat salam pikir,negatif
ruu rampas aset presiden,positif
jokowi gencar teriak ruu rampas aset,negatif
dorong kesah ruu rampas aset jangan omong omong,positif
jends tidak desak depe kesah ruu rampas aset muak liat berita korupsi triliun dipnjra,negatif
melempem dpr tidak sahkan ruu rampas aset berani,negatif
moga ruu rampas aset koruptor sah dpr nya biar korupsi indonesia musnah hukum mati sehat prastowo,positif
harap ruu rampas aset uang uang utama rugi jiwasraya harap sungguh tipis,negatif
min tekan sahkan ruu rampas aset kutil duit rakyat presiden perpu biar langsung laksana rampas aset nya,positif
khan bilang mulyono partai banteng musnah laku jual aset tidak ruu rampas aset sah lakon,negatif
hei jilat mulyono kim plus dpr tidak sah biar pdip walk kim plus ruu rampas aset mulyono jago giring opini ruu rampas,negatif
tidak tolak usul ruu rampas aset sis ruu tsb dpr tidak urus tidak masuk prolegnas prabowo laku perppu,negatif
usul dpr cepat ruu rampas aset korupsi,positif
bahas ruu rampas asset smp tidak mjd prioritas bhkn tidak prolegnas,negatif
manusia goblok presiden ngeluarin surpres dpr bahas ruu rampas aset hasil hasil bahas ruu nya logika presiden,negatif
indonesia beranta jabat model gampang sahkan ruu rampas aset koruptor jamin pnpb bukan dar nariki uang receh anggota moge,negatif
ruu rampas aset tidak tindak tbtb ngomongin moge masuk tol tone deaf,negatif
samping jbtn periode jbtn kesah ruu rampas aset jengkel megawati megawati instruksi jokowi cepat beres sulit sgr,positif
nungguin tangkap nungguin ruu rampas aset sah,negatif
ketar tir ruu rampas aset sah habis maling dpr,positif
fakta contoh kagum pdip semenjak serang bpk jokowi usul bahas ruu rampas aset pdip ruu,negatif
gilir sah ubah umur tolak putus cepat ruu rampas aset mak banteng salah byr joko oey,negatif
simple puan abai surpres ruu rampas aset perintah tunai wajib gilir dpr donk perpu sifat darurat emang dpr malas alas darurat gitoe xixixi,negatif
rakyat ruu rampas aset koruptor pileg politisi parpol golong,negatif
ruu rampas aset mangkrak,negatif
ruu rampas aset ijin juragan,negatif
lemah kpk revisi undang undang kpk nomor draf revisi kpk aju perintah pusat presiden dpr bahas mohon kesah ruu rampas aset,negatif
berantas korupsi kesingguhan rkyt meneebitkan perppu rampas,negatif
goblok anjing betina dpr kolektif kolegial bukan orang smua partai libat kim ambil alih selesai ruu rampas aset sasar pdi goblok jangan ngajak orang asuu,negatif
puan pdi tolak kim plus kesah ruu rampas aset rampas aset suara pdi juki tinggal instruksi anggota dpr kim plus,negatif
mei serah kondisi periode reses dpr april mei ruu rampas aset laku bahas bahas undang undang undang undang undang terap bukan,positif
dorong dpr kesah ruu rampas aset nyata dpr tidak laku tidak serius berantas korupsi,negatif
belum dengar kabar tindak,negatif
kim dominasi dpr ayo sah ruu rampas aset fraksi pdip jga dorong lantik nya anggota dpr adi kawan kawan teriak sah ruu tsb,negatif
mayoritas kursi dpr partai dukung koalisi perintah tibiko teliti pusat kaji antikorupsi universitas gadjah mada pukat ugm zaenur rohman presiden jokowi ruu rampas aset,negatif
santai surpres ruu rampas aset aset tidak nyolong geetuu,negatif
percaya makan jangkrik gizi jamin kasih percaya ngejamin koruptor hukum minimal ruu rampas aset sahkan tidak,negatif
sampek negara indo tidak maju rakyat tolol mental emis maling serakah dpr tidak sahkan ruu rampas aset koruptor rakyat dprnya bukan bantu ambil jeruk rebut tolol,negatif
utus presiden pangkas tunjang pangkas kabinet rampingin ruu rampas aset sah susah,negatif
perintah ngomong makan tembok gizi warga percaya jamin percaya rakyat tidak korupsi ruu rampas aset tidak wajar misuh,negatif
masuk tidak bener dpr anggota dpr duit korupsi biar modal belum ambil untung dpr korupsi tidak ketok ruu pera,negatif
setuju ruu rampas aset koruptor sah laksana amanat reformasi perintah bersih kkn,positif
ruu rampas aset sah anggota dpr gembel,negatif
bukan tidak untung bahas mati gaya bunuh sarang korupsi,negatif
hai paman wari ayuk dukung kim plus sahkan ruu rampas aset panas,positif
ruu rampas aset desak,positif
tidak nyali dpr mengsah ruu rampas aset,negatif
seeh noh sahkan ruu rampas aset koruptor jangan gilir urus nyerempet tunda tunda dalih,negatif
wuih enak ruu rampas aset koruptor sahkan miskin jamaah enak situ tidak enak gue,negatif
usul receh sah ruu rampas aset koruptor potensi,negatif
gdg sarang koruptor mreka tidak stuju koruptor miskin ruu rampas aset sbts wacana susno duadji sungguh kejam dana csr bank indonesia jatah rakyat miskin korup orang hormat fajar,negatif
kpk bank indonesia libat skandal korupsi triliun rupiah dana alir anggota dpr komisi program corporate social responsibility csr ogah kesah ruu rampas aset salah,negatif
bukan ruu rampas aset menteri hukum ruu batas transaksi uang kartal,positif
setuju saran sogok dpr kesah ruu rampas aset,negatif
miskin belum sahkan ruu rampas aset koruptor,positif
andai megawati anak tidak suruh menandatangani ruu rampas aset miskin koruptor,positif
ruu rampas aset koruptor tok,negatif
ketua partai konon partai reformis tidak pro nilai nilai reformasi contoh tidak kesah ruu rampas aset,negatif
presiden prabowo komit berantas korupsi ruu rampas aset tidak realisasi menteri hukum andi agtas youtube fristian griec media menterihukum prabowo gibran korupsi kpk rampas aset partai politik,negatif
era presiden ruu rampas aset koruptor tidak sah coba era presiden ruu sahkan negara lunas hutang,negatif
beda ruu rampas aset kuat pengaruh maling pengaruh malaikat indikasi mang kelola negara maling,negatif
tidak ruu rampas aset koruptor tidak dok,negatif
tidak ruu rampas aset sah azas bukti,negatif
moga ruu rampas aset sah,positif
sahkan ruu rampas aset koruptor berfikir bijak subsidi rang pajak kerja minim miskin,positif
pajakin orang kaya indonesia,negatif
rampas aset mahasiswa demo tidak demo kesah ruu rampas aset tidak demo,negatif
dadak bukan bulat ruu kurang jam bahas ambil putus badan legislatif baleg dpr tapiii ruu rampas aset tidak bahas bahas ruuminerba segerabahasruuperampasanaset,negatif
resmi ruu rampas aset,negatif
ruu rampas aset aju sepi sibuk ngurusin mulyono gada demo tidak heboh tolak,negatif
setuju dpr cepat ratified ruu rampas aset dpr hayoolah selamat negara rampas aset,positif
selamat pagi salut kerja kerja moga next kesah ruu rampas aset koruptor moga tanpa koruptor negara maju kinerjaprabowoterbukti,positif
dadak bukan bulat ruu kurang jam bahas ambil putus badan legislatif baleg dpr ruu rampas aset tidak bahas bahas ruuminerba segerabahasruuperampasanaset,negatif
mahasiswa laku demo bem indonesia desak dpr kesah ruu rampas aset mimpi,negatif
ruu rampas aset kabar boi,negatif
ruu rampas aset ruwet penuh intrik framing alas masuk akal niat ulur alih isu ruwet suci suci tidak moleh,negatif
omong tidak percaya korupsi henti ngapain ngurusin hasto mending teriak dpr biar ruu rampas aset koruptor sah,positif
sahkan ruu rampas aset,positif
jujur manfaat kader korupsi ikan percaya semu lihat indikasi herman herry mantan ketua komisi libat korupsi bansos dadak hilang dakwa arteria lemah kpk bamb,negatif
yup laku efisiensi contoh mungki jabat tidak tunjang biar mendptkn gaji umr biar rakyat gaji ruu pera,negatif
alih isu korupsi kader pdip masuk herman herry arteria dahlan lemah kpk bambang pacul tolak ruu rampas aset harun mas libat megawati harun mas tangkap megawati penjara,negatif
alih isu korupsi kader pdip masuk herman herry arteria dahlan lemah kpk bambang pacul tolak ruu rampas aset harun mas libat megawati harun mas tangkap megawati miliar,negatif
alih isu korupsi kader pdip masuk herman herry arteria dahlan lemah kpk bambang pacul tolak ruu rampas aset harun mas,negatif
partai kim berani sahkan ruu rampas aset,positif
woi dontol ayo sah ruu rampas aset kimak greget,positif
made jongos kali ruu rampas aset tidak kelar presiden mesti perpu tolol jabat indonesia bangsa,negatif
rakyat bahagia sahkan ruu rampas aset,positif
bingung cari sumber dana makan siang gratis cari duit hasil rampas aset koruptor sahkan ruu rampas aset milik koruptor miskin koruptor evaluasi kelola sumber daya alam efektif,positif
maksakan ruu rampas aset tidak sah,negatif
adem ruu rampas aset takut,negatif
deal ruu rampas aset sahkan beliau masuk salah orang kere miss,negatif
korupsi bukan gaji moral rusak rakyat susah cari duit jangan dikit naikin gaji dikit naikin tunjang pea bukan gaji dinaikin tindak kuat pro rakyat sahkan ruu rampas aset,positif
gara korupsi tidak coba duit koruptor rampas nambah pasu negara salah ruu rampas hak aset sahkan,positif
materi seru seru faktor sulit ruu rampas aset koruptor undang undang mendesaktidaknya tugas lembaga jaksa fraksi pdip tuju ubah kpk zaman rezim dlsb,negatif
ketua dpd tidak dukung ruu rampas aset,negatif
ruu rampas aset sah biar tidak transaksi otak pakai,positif
hujan deras mahasiswa medan unjuk dprd tuntut sahkan ruu rampas aset,positif
laksana ruu rampas aset tuju sah,positif
umkm lokal hilir ruu rampas aset bual dinasti mulyono fasih ngiboelnya,negatif
capai progress detail bukan kampanye janji kosong omong ruu rampas aset resmi sabar tunggu,negatif
aduh paak pusing mikirin biaya mbg suruh koalisi dpr mengsahkan ruu rampas aset koruptor sebentar hasil rampas pakai biayain mbg lumayan ratus triliun,positif
hey wakil rakyat sah ruu rampas aset koruptor hasil rampas pakai biaya mbg ribet,positif
sahkan ruu rampas aset koruptor,positif
gass lari kencang pengaruh parlemen kesah ruu rampas aset koruptor,positif
patut dukung pemberantasa korupsi prioritas utama salah dorong serius kesah ruu rampas aset koruptor,positif
rakyat tipu bandit minyak hukum regulasi hukum bandit minyak hukum mati sah ruu rampas aset koruptor dpr,positif
minimal ruu rampas aset pajak orkay ngehe,negatif
ruu rampas aset sah hewan gedung dpr,positif
kabar ruu rampas aset,negatif
bersih bersih ruu rampas aset tidak dikelarin penjara bentar denda dikit hidup mewah,negatif
nohh suruh dpr nya sah ruu rampas aset kocaakkk tidak darisitu darimana putus hukum miskinin koruptor,positif
halah esbeye jokowi prabowo tidak serius berantas korupsi berantas korupsi tidak terbit perppu rampas aset ruu nya henti dpr sekian ribu purnama,negatif
triliun hasil kas negara ruu rampas aset sah jaksa dasar hukum laku pulih aset hasil korupsi miskin koruptor sahkanruuperampasanaset segerabahasperampasanaset,positif
perintah dpr tutup mata ruu rampas aset tidak masuk prolegnas tangan berantas korupsi perhati serius korupsi jahat rusak struktur ekonomi sosial negara,negatif
jokowi keluarga hukum mati bangkit sadar sistem dholim adil jokowi hukummatikoruptor sahkan ruu rampas aset,positif
jokowi keluarga hukum mati bangkit sadar sistem hukum dholim adil jokowi hukummatikoruptor sahkan ruu rampas aset,positif
saran dpr biar setuju sahkan ruu rampas aset,negatif
akhirny bersih daa smoga ruu rampas aset laku,positif
tidak koalisi prabowo dpr tidak masuk ruu rampas aset prolegnas tipu sekian kali,negatif
ruu rampas aset tidak sahkan takut tidak make,negatif
sahkan ruu rampas aset,positif
teman pakai blg ruu rampas aset demoin kemarin bukan kait goreng politikus storyin tuntut demo masuk ruu tsb tidak ngerespon,negatif
komisi xii lawan temu duit dpr laku ruu rampas aset begal baleg dpr,negatif
btw indonesia urgensi koruptor ruu rampas aset tidak desak sah,negatif
ruu rampas aset sah kondisi perintah game changer tangan besi okey adil,positif
bangke ruu rampas aset koruptor prolegnas ruu rampas aset wajib program prioritas jangan rakyat manfaat sapi perah oknum jabat gila har,positif
nunggu ruu rampas aset bang besok lebaran kuda,negatif
ane respek sikap presiden tindak koruptor ane respek perintah presiden ruu rampas aset koruptor sah dpr regulasi hukum koruptor hukum mati efek jera,positif
demo tidak inisiatif koalisi dpr aneh lagipula demo ruu rampas aset suara,negatif
moga sahkan ruu rampas aset ngilu liat,positif
ruu rampas aset tidak,negatif
indonesia terap hukum mati koruptor boro boro hukum mati bos ruu rampas aset koruptor belum sah dpr tangan koruptor riak ombak laut tidak efek jera,negatif
jangan harap ruu rampas aset sah orang mata rantai jabat,negatif
moga ruu rampas aset tuju koruptor tidak layak manusia kepala isi duit haram,positif
mending sahkan noh ruu rampas aset,positif
tuntut rampas aset jangan gegabah bahaya sasar bukan koruptor rakyat kena ruu tidak sentuh zaman sby tidak,negatif
koruptor takut miskin paham ruu rampas aset tidak sah presiden wewenang tangkap ganti lakon,negatif
koruptor tidak takut penjara takut harta hilang mangkanya ruu rampas aset abu abu nasib,negatif
serius ruu rampas aset tidak sah,negatif
sahkan ruu rampas aset hukum mati koruptor buang keluarga pulau pencil,positif
sahkan ruu rampas aset koruptor bukan proyek gede rawan korupsi,positif
elite politik main sandiwara tidak ruu rampas aset koruptor rugi posisi tunggu rakyat indonesia turun lempar tong sampah,negatif
bajing senayan tidak bahas mengsahkan ruu rampas aset,negatif
fokus ruu jaksa tni polri tidak mengsahkan rampas aset lemah pertamina ahok alih kuadriliun riza chalid esdm qodrat jennie kiss life,negatif
mrka emng denial scra prabowo powerful ttp jdi badut krena tidak sah ruu rampas aset krna prabowo sndiri jga tkut bklan jdi snjta mkan tuan dpr isi koalisi kim ketua prabowo,negatif
ruu rampas aset,positif
aduhhh please pintar mba abang ajar ruu rampas aset proposal dpr zaman jokowi ajuin belum sah,negatif
ruu rampas aset koruptor sah,negatif
ruu hukum mati salah hak asasi manusia ruu rampas aset salah aset korupsi ambil bukan aset bukan,positif
cina prediksi milik proyeksi ekonomi salah utama cina hukum koruptor boro boro hukum mati koruptor ruu rampas aset koruptor tidak kunjung sah dpr pantesan koruptor tumbuh subur,negatif
dear pks nitip suara ruu sekira minimal korupsi ruu bukti harta jabat negara legislatif eksekutif yudikatif ruu miskin rampas aset laku korupsi minimal,positif
ruu rampas aset koruptor sah dpr koruptor tangkap tidak hukum berat besok lusa korupsi negeri kalah cina berantas korupsi,positif
jahat organisir pegang bijak laku hukum berat ruu rampas aset koruptor belum sah dpr jabat korupsi riak ombak laut ulang orang korupsi tidak takut,positif
ruu rampas aset deh koruptor takut miskin thats theyre greedy,positif
korupsi smp triliun gimana even penjara umur hidup cant cover hukum mati enak ruu rampas aset cepetan ketuk palu buk,positif
hrsnya kompak kerja bukan jatuh dorong ruu rampas aset sah,positif
ngedukung ruu rampas aset sah dpr berat hukum berat turun hukum hukum mati gantung,positif
mending ruu rampas aset tidak masyarakat,negatif
mauuu anggota dewann atur bgtuhh bikinnn pengesahann ruu rampas aset ajahh ntarr muluuu,negatif
tidak fraksi kuasa parlemen parpol dukung perintah ogah kesah ruu rampas aset koruptor oposisi,negatif
wow hukum tajam majal seru sahkan ruu rampas aset koruptor,positif
tidak bersih kotor sarang koruptor tidak peduli dorong sah ruu rampas aset koruptor semangat sore nyepi ramai,negatif
huni sel maksimum sekurity lupa nusa kambang miskin sah ruu rampas aset,positif
nya ruu rampas aset biar negara rakyat tidak dikerjain keluarga residivis korupsi,positif
kerja bagus sah ruu rampas aset,positif
ruu rampas aset tidak kejer,positif
ide esemka raib ruu rampas aset untung untung mulyono ambil sepeda,negatif
ruu rampas aset ide tidak muncul takut mega cendana,negatif
pokok berani tidak demo ruu rampas aset baca gasih tuntut demo indonesia gelap kemaren,negatif
bukti nyata ruu rampas aset bukti jokowi tidak ganti presiden pdip tidak kuasa barang tidak jkw presiden shif malam libur,negatif
tidak alas anggota legislatif dpr parpol tunda ruu rampas aset koruptor undang undang tidak nyaman koruptor darurat semangat pagi nyepi,positif
rakyat percaya bijak gampang sahkan ruu rampas aset hukum mati koruptor percaya publik selesai berani bukan,positif
gaji gede kurang ruu rampas aset belum syah korupsi raja lela,negatif
kang wajib perintah putus rantai korupsi era nya dorong koalisi dpr kesah ruu rampas aset hukum mati koruptor good indonesi,positif
praise god presiden agenda bersih negeri cia yoooo ruu rampas aset laksana miskin koruptor anak cucu keluarga kerabat,positif
geli orang nyebut ruu rampas aset saking tidak nasib pakai buzzer alih isu wkwk,negatif
hati hati kejar antartika ruu rampas aset tidak kunjung sahkan tikus,negatif
dhe min dhe tidak niat cepat ruu rampas aset dhe bicara lantas tidak ruu korupsi indonesia terci,positif
halo kakk kena mekanisme ruu rampas aset implementasi kurang ruu sah referensi baca awam tidak,positif
milu pilih dpr,negatif
coba partai babi banteng ketua dpr puan maharani anak mak banteng lhoo draf ruu rampas aset koruptor presiden jokowi,negatif
omong kosong rakyat sengsara hukum koruptor ringan sahkan ruu pera,negatif
hukum mati koruptor sahkan ruu rampas aset,positif
mahasiswa mahasiswa kompak geruduk dpr desak sahkan ruu rampas aset,positif
masuk akal batas transaksi uang giral ruu batas transaksi uang giral tidak bahas step rampas aset ppatk sangar kertas lapor,negatif
mahasiswa mahasiswa darurat geruduk dpr desak sahkan ruu rampas aset gilir tidak suara,positif
jujur sebenernya bagus bgini hukum ruu rampas aset sahkan tidak omong omong bela rakyat,negatif
ruu rampas aset koruptor hukum umur hidup curi,positif
ruu rampas aset sah wakil rakyat dpr,positif
tum tidak berani mengintruksikan kader dpr kesah ruu rampas aset koruptor,negatif
influencer naikin semangat cepat ruu rampas aset rebut hak,positif
sahkan ruu rampas aset hukum mati koruptor biar efek jera yaaa itung ngurangin populasi saking korupsi contoh negara jinping jabat korupsi hukum mati,positif
ruu rampas aset sah biar aset oknum oknum ambil negara rakyat program,positif
belum tanda tanda ruu rampas aset sah,negatif
ngerti ruu rampas aset tidak resmi,negatif
tidak ragu ruu rampas aset hukum mati laku korupsi,positif
boro sah ngomongin kaga berani anggota presiden nyeletuk ruu rampas aset kaga isi normatif omong,negatif
independensi kpk sahkan ruu rampas aset miskin harta koruptor biar jabat negara skg kerja batasin tanpa pandang bulu even koalisi halu,positif
najis liat jajar urus awas danantara isi politikus berani miskin koruptor politikus koalisi percaya politikus danantara jangan kambing hitam sahkan ruu rampas aset miskin keluarga koruptor penjara umur hidup,positif
oke deh danantara bagus niat konsolidasi bumn biar bumn maju skg buktiin negara niat berantas korupsi sah ruu rampas aset balikin independensi kpk miskin koruptor beneran koruptor bukan kambing hitam,positif
kpk lemah revisi kpk ruu rampas aset koruptor tidak diseriusin presiden,negatif
bodoh jago teriak kenceng tidak ruu rampas aset tidak masuk prolegnas prioritas,negatif
tidak demo ruu rampas aset liaaat tikus tikus enak anjing,positif
konsisten desak dpr kesah ruu rampas aset koruptor tanpa kesah ruu dpr landas hukum miskin koruptor deddy desak dpr regulasi hukum biar koruptor hukum mati,positif
mending demo noh kesah ruu rampas aset lihat koruptor tangkap triliun kumpul,positif
ruu rampas aset koruptor sah laksana miskin tujuh turun lenyap,positif
rampas aset atur batas kuasa tuju tni tidak relevan kondisi masyarakat alami rugi akibat oknum seragam tni ruu polri,positif
ruu rampas aset koruptor stop regulasi celeng degleng,positif
bahas ruu rampas aset miskin hilang negara,positif
sek video ngomong duwe wakil ruu rampas aset tidak jalan bingung iya tagih wae wakile gajelass anjeeng,negatif
prabowo desak dpr sahkan ruu rampas aset ang via,positif
provokasi belum mahasiswa intel selinap provokasi demo tidak situ mbokde bijak kesah ruu sikap tutup kuping mata rakyat kecewa marah ruu rampas,negatif
allah robb kuat hamba jalan hidup negeri merdeka asa hidup era kolonial sahkan ruu rampas aset tipikor tindak pidana jahat ekonomi ruu batas transaksi uang kartal tppu,positif
kebut ruu rampas aset jangan tni ruu polri ruu jaksa guys tidak tikad berantas korupsi lindung jerat sanksi korupsi korupsi enak cabutuutni,positif
baznas lirik tema entas miskin ruu rampas aset koruptor,positif
mua kalean laah demo gaak tidak pasal tidak tuju siram koruptor mafia,negatif
korupsi diminimalisir tidak kerja negeri sahkan ruu rampas aset,positif
coba mahasiswa mahasiswa perintah prabowo koruptor kakap demo bukan ruu rampas aset hukum mati koruptor demo ruu,negatif
halo dasar postingan agam politik agama pribadi bukan buzzer perintah dukung ruu rampas aset sesuai bijak prabowo kritik ramping kabinet nada indepe,positif
ruu rampas aset diam asu takut dapur tidak ngebul,negatif
perang habis mencret tidak sadar lawan rakyat beneran bukan bawa ats nama rakyat ruu rampas aset henti tidak urusin mlah urusin dasar partai licik,negatif
khatam alquran khatam ruu rampas aset koruptor biar lipat ganda pahala tolakruupolri adilidanvonismatijokowi,negatif
coba anggota legislatif pdip ruu rampas aset sah pdip juara pileg masak tidak inisiatif parlemen kerja jangan ngurusi jokowi,negatif
khatam quran khatam ruu rampas aset koruptor jangan tunda sebentar kwalat,negatif
ruu rampas aset koruptor syah rakyat monitor,negatif
updte orang kemarin bilang salah presiden nomor wkkwkwk tolol rampas aset ditanyain demo tuntut demo genting ruu tni mata seleweng sah apaansi typical,negatif
jaman baheulak korupsi solusi cum ruu rampas aset koruptor suara mahasiswa demo tni tidak rugi masyarakat bukti deko bukan murni mahasiswa tunggang,negatif
setuju beres koalisi gemuk masakan ruu rampas aset tidak beres ruu tni tidak dwifungsi problem,positif
betoel coba demo ruu rampas aset koruptor berani tidak klu berani mahasiswa cerdas,negatif
sahkan ruu rampas aset koruptor miskin,positif
kejar koruptor antartika bentuk jangan retorika tindak serius presiden perpu kpk cepat rampas aset ruu batas transa,negatif
bukan ruu rampas aset koruptor rampas aset rakyat,negatif
ngapain anggota anggota dpr takut bahas,negatif
kunci nyata jenis indonesia tni ruu polisi ruu jaksa ruu rampas aset salah pilih pimpin,negatif
legislatif dpr tidak jalan korup rampas aset ngajuin presiden tidak ngesahin ruu tni disahin diam hotel kurang,negatif
rakyat obyek pasu kas negara rakyat seok penuh butuh hidup harta koruptor hitung triliun ambil jatah sejahtera rakyat tidak galak kas negara dis,negatif
esensi tidak dampak rakyat tidak demo bgini ruu rampas aset koruptor korupsi koruptor adil biang smua mslh dnegeri,positif
wakil rakyat dpr saudara tidak presiden presiden pimpin pilih gasemua rancang sumber presiden demo bukan dar presiden tajam dpr gerakin dpr,negatif
kerja wakil rakyat gaji presiden kerja tidak becus kerja motor nyali coba sahkan ruu rampas aset koruptor,positif
apbn negara stop korupsi hukum mati koruptor celah tindak korupsi ruu rampas aset mudah wajib pajak bayar pajak hapus birokrasi belit belit pakai menteri sdm berk,positif
rampas aset koruptor kesah ruu tni koruptor lindung negeri tolakruupolri tolakruupolri tolakruupolri cabutruutni cabutruutni cabutruutni suprema,positif
ramping kabinet sah ruu rampas aset koruptor,positif
kejar rampas miskin koruptor kesah ruu rampas aset koruptor duit koruptor masuk kas negara nyata kurang rakyat nyumbang blok,negatif
sadar sumber parlemen legislatif bukan eksekutif sikap dpr enggan kesah ruu rampas aset bukti tsb parlemen bodoh rakyat pilih gaji,negatif
kejar rampas miskin koruptor kesah ruu rampas aset koruptor duit koruptor masuk kas negara nyata kurang rakyat nyumbang blok,negatif
demo ruu rampas aset koruptor tidak sahkan suara takut lulus kuliah tidak nyalon legoslatif tidak korupsi mahasiswa,negatif
ngomong bilang ngerti lagipula tidak demo tua ruu rampas aset jangan duduk kursi,negatif
tidak urgensi tidak golong golong bijak golong tidak laksana diskusi contoh ruu peramp,negatif
persetan ruu rampas aset koruptor,negatif
sahkan ruu rampas aset aspek birokrasi ketidakpastian hukum rapih tidak berani korupsi tidak pungli level birokrasi,positif
belum merdeka bangsa mangkanya suka jokowi fenomena jejak bukan ketua buah partai sayang ruu rampas aset belum hasil,negatif
tuju utama lolos tni lolos polri jegal ruu rampas aset,negatif
ekspresi kesal publik thd jalan perintah korupsi meralela bumn ratus triliun tidak phk motor telat pajak sita rumah waris tidak tinggal ambil alih negara ruu rampas,negatif
ruu rampas aset sahkan,negatif
ruu rampas aset koruptor belum sah resistensi politik kurang prioritas dpr ruu hambat masuk prolegnas jabat takut dampak kompleksitas birokrasi hukum jad,negatif
ayo gass ruu rampas aset,positif
hayu gas ruu rampas aset koruptor,positif
mahasiwa goblok tidak demo tekan dpr sahkan ruu rampas aset,positif
hai ruu rampas aset koruptor tidak sah perintah indonesia,negatif
mending fokus ruu rampas aset desak demo fokus ruu jalan rakyat dukung sepenuh hati,positif
indonesia negara superpower adikuasa industri militer ekonomi beliau jabat main kelola negara canda segara sahkan ruu rampas aset,positif
kualitas jabat rendah mending ruu rampas aset koruptor kebut bukan ras rakyat jabat minim kualitas,negatif
rampas aset koruptor perintah tidak berani mengsahkan ruu rampas aset dukung korupsi,positif
prabowo partai tidak berani bahas ruu rampas aset wkwkwk,negatif
ikan bukti komitmen cegah,positif
bangun penjara jalan dorong ruu rampas aset koruptor bahas sahkan kurang korupsi indonesia noh nusakambangan muat koruptor iya klu bangun,negatif
berat lawan orang orang kritik demonstrasi mahasiswa ruu rampas aset juang mahasiswa demo dinyinyirin iya alhamdulilah orang,positif
ayo demo sahkan ruu rampas aset koruptor,positif
jokowi salah teriak rampas aset sgr syah ruu tni jangan faham,negatif
baca ruu tni rampas aset juang demo mengatasnamakan rakyat,negatif
temen voters alih aksi tni ruu polri rampas aset hap anyinggg tni polri jalan optimal indo keburu mati duluan orang aksi rampas aset hap,negatif
coba ruu rampas aset yahh,positif
wakil demo gedung parlemen cepat cabut tni ruu polri rampas aset cepat sahkan,positif
berita video keras aparat medis geledah kak ruu polri ruu hap rampas aset tidak bahas dpr,negatif
pertamax oplos ruu rampas aset tindak korupsi belum sah ruu tni langsung sah,negatif
mudah laku perintah dpr tidak laku syah ruu rampas aset gimana laku tangkap koruptor tangkap mahasiswa aspirasi nya miris,negatif
ruu rampas aset tidak dpr wakil situ wkwkwkwkwkkw,negatif
ruu rampas aset koruptor,negatif
tidak tim khusus parcok sita kendara tidak bayar pajak laksana rakyat cabut tni ruu polri,negatif
aduh boncos gerakin ruu rampas aset,positif
omong program makan gratis sunat bbm oplos tidak koruptor elit hukum mati sahkan ruu rampas aset tidak nyali pindah ikn takut mundur naikin pajak gercep gilir selesai langgar ham berar,negatif
ketua komisi xiii nasdem wakil pdip partai dukung capres gagal usul ruu rampas aset aju partai dukung presiden prabowo dukung usul,negatif
simpul informasi kena ruu rampas aset sah maret tidak misleading content rujuk,negatif
ruu rampas aset masuk program legislasi nasional prolegnas prioritas dewan wakil rakyat dpr belum bahas sah ruu tidak kait atur sita kendara motor polisi,negatif
perintah terap atur kendara motor tidak bayar pajak kendara sita cek fakta fakta kutip narasi kena kesah ruu rampas aset maret rupa kabar hoaks,negatif
hoaks ruu rampas aset sah maret edar buah video media sosial facebook isi narasi klaim rancang undang undang ruu rampas aset tindak pidana sah maret imbas sah ruu,negatif
gagas sang kuasa orang dagang kejar untung gagas pimpin upaya cegah uang negara tidak korupsi orang durong bahas sahkan ruu rampas aset koruptor utama,positif
ujung ujung tuntut nya ruu rampas aset dibiarin kaga sah sahkan korupsi rajalela turun prabowo adil jokowi naikin anis ganjar inti,negatif
ngapain buang anggar bangun penjara ngawasi tidak ruu rampas aset koruptor sah koruptor takut miskin penjara serius berantas korupsi hukum mat,positif
ruu rampas aset ketok palu korupsi kuadriliun masuk pajak kelar taxtherich,positif
ruu rampas aset tunda kompleksitas hukum isu ham butuh kaji ruu tni prioritas aman nasional modernisasi militer ancam siber anggap desak selamat rakyat anti korupsi pen,negatif
tidak sumbang pajak pajak motor bea cukai rokok tidak bantu doa usaha jangan gantung rakyat kaya alam limpah ngeluh korupsi sahkan ruu rampas aset mon,positif
ruu rampas aset tidak ruu tidak masuk top priority prolegnas pakai bilang demo pes pes bukan mahasiswa anggota kayak takut bahas ruu,negatif
marah mahasiswa ruu rampas aset tidak sah nya tidak bahas throwing word pes anggota pes,negatif
cepat kesah banding ruu rampas aset koruptor,negatif
jabat tidak pengaruh atur koruptor ruu rampas aset tidak kelar,negatif
demo pesan pesan tidak ruu rampas aset top priority prolegnas nya tidak memperioritaskan salah mahasiswa tidak dis,negatif
sotoy bilang ruu rampas aset tidak masuk tuntut aksi belum ruu tni sah demo bawa tuntut dengar tidak ruu tni sah urgensi,negatif
mbok ngapurani mas tindak nggawe efek jera wani tindak buruk enek sing orang melu meku contone ruu rampas aset,positif
niatny ngelola duit zakat makasih deh tidak iya ruu rampas aset sah duit koruptor sita lumayan jga pasu negara entas miskin ekstrim,positif
ruu tni sah ugal ugalan rampas aset gada kabar bener bener cabutuutni tolakuutni tolakrevisiuutni indonesiagelap tolakdwifungsiabri tolakruupolri tolakruukejaksaan,negatif
bahas ruu rampas aset koruptor,positif
ruu rampas aset tidak salah isi harta aset koruptor sita negara manusia serakah kesah ruu rugi,negatif
ruu rampas aset indonesia belum putus kompleksitas butuh kaji sesuai sistem hukum konsep sita aset tanpa putus adil picu resistensi politik kurang konsensus dpr miliar,negatif
hai indonesia ruu rampas aset tidak putus,positif
gaskeuunn ruu rampas aset wacana,negatif
bener prabowo kait ruu rampas aset kasihan keluarga anak cucu,negatif
bener prabowo kait ruu rampas aset kasihan keluarga anak cucu,negatif
partai laku katak tempurung loe belum liat langit ngaku tempurung langit orang disuru milih bocil ngomong ruu rampas aset,negatif
ruu rampas aset sah koruptor miskin korupsi tidak hilang ash,positif
rampok bangsat asn pensiun tidak bangsat negara enggan gol ruu rampas aset koruptor,negatif
dpr perintah tidak niat bahas ruu rampas aset koruptor tidak desak masuk prolegnas,negatif
setuju ruu rampas aset sah yok gasss ruu,positif
omong rakyat ruu rampas aset koruptor sah dpr berantas korupsi tuntas hasil rampas aset manfaat rakyat,positif
gajah gajah sekongkol parah contoh tunda nunda ruu rampas aset efek jera koruptor korupsi gila,negatif
butuh rakyat berantas mafia tanah berantas ormas preman rampas aset koruptor kasih perintah ruu jaksa aspirasi rakyat tunda tunda hapus prolegnas ruu rampas aset koruptor aspirasi elit politik,negatif
males ruu rampas aset hambat alias pdip,negatif
may day ajang unjuk suara buruh indonesia enam tuntut utama hapus outsourcing bentuk satgas phk upah layak revisi ketenagakerjaan kesah ruu pprt berantas korupsi ruu rampas aset ketua,positif
sahkan ruu rampas aset hukum mati koruptor wajib laku surut,positif
jahat zarof layak miskin aset sita negara ruu rampas aset bahas,negatif
komentar sahkan ruu rampas aset koruptor,positif
kabar ruu rampas aset koruptor rakyat nilai tidak niat bahas senjata makan tuan,negatif
ruu rampas aset bahas,positif
ruu rampas aset bahas,positif
roy surya mantan menteri sby jkw jkw rugi mapan contoh bubar hti fpi tangkap koruptor aju ruu rampas aset pindah kota negara ikn,positif
heran fraksi tidak berani inisiasi ruu rampas aset halang bukan koruptor takut aset rampas,negatif
perintah oposisi rusak tidak percaya ruu rampas aset sah kuasa kalo sah pakai habis lawan politik,negatif
presiden bukan manusia dewa kuasa tanpa mekanisme demokrasi laku paksa ruu rampas aset perppu problem utama sistem akar puluh urai,negatif
kritis tidak desak perintah dpr sahkan ruu rampas aset bukan kritis sebar fitnah bungkus kritis,negatif
maaf nikmatin jln tol masuk cawang probolinggo jkt bdg menit smua milik asing dikembaliin negara bendung air desa,negatif
lol approval rating tidak kesah ruu rampas aset fahri fahri wkwkwkwk,negatif
lol approval rating tidak kesah ruu rampas aset tum tum wkwkwkwk perintah tidak mikir negara puji langit tidak wkwkwkwk,negatif
tebak era presiden ruu rampas aset tuju,negatif
alih isu ruu rampas aset,negatif
ngopi bahas ringan ruu rampas aset batal ganti ruu,negatif
bener ruu rampas aset gajadi knpa,negatif
dok ruu rampas aset koruptor,negatif
berantas orang ruu rampas aset koruptor tidak dok,negatif
teori presiden prabowo perppu ruu rampas aset dukung hadap anti korupsi kuat politik lamban bahas ruu april,negatif
aproval mengsahkan ruu rampas aset tidak berani kontol omong taek,negatif
tunggu habis perintah beliau biar kelompok pesta pora tulis belum mustahil ruu rampas aset era presiden,negatif
belum ruu rampas aset inisiatif perintah rancang era harmonisasi era,positif
video anggota dpr ricuh tolak ruu rampas aset video ribut pilih pimpin dewan,negatif
dukung prabowo jokowi gampang dikibulin olah ruu rampas aset,negatif
presiden ketua partai kendali anggota dpr partai dmkn menteri prabowo ketua partai andai prabowo serius ruu rampas aset menteri nya ketua partai perintah ang,negatif
bodoh gugat bayar pdip main jujur gugat dpr ketua anak pentol pdip tidak tuju ruu rampas aset pdip bayar,negatif
ruu nasib ruu rampas aset,negatif
uang korup tidak rakyat ruu rampas aset koruptor tidak sah rakyat suruh korban peras pencet penyet,negatif
ruu statistik masuk prolegnas gilir ruu rampas aset butuh tidak masuk prolegnas sontoloyo,negatif
garap ruu jaksa gaes duga sah kuat rakyat setuju ruu rampas aset sah tolakruukejaksaan morningg omong ajak teman jatinangor tolongin lulus sma muh,negatif
yth presiden korupsi timah pertamina hakim suap dorong ketua partai presiden dorong kesah ruu rampas aset koruptor,positif
semangat kerja miskin pajak layan malas bayar pajak tidak ubah arti layan tidak selaras pajak mahal bayar bobrok kkn masif lini baya,negatif
habis ruu rampas aset lihat miskin istri putri indonesia setia tidak,positif
diskusi publik polinela sorot henti ruu rampas aset lengkap baca reporter dliyaul haq subadra ahmad muhajir salampers persmahasiswa perssukmapolinela sukma,negatif
ruu rampas aset sah bayang uang rakyat korupsi wkwk sentuh triliun gimana hitung kurun belum jangan naikin pajak rakyat getol gilir koruptor melempem perintah,positif
fakk asbunan pikir prabowo emmg bener perampasam aset ruu rampas aset sulit bahas dpr perpu moga buna sehat,positif
win win solution ruu rampas aset sah duit anggar makan gizi gratis uang rakyat rakyat dana apbn didik sehat prioritas utama,positif
pampang perintah tidak serious laku berantas korupsi henti ruu rampas aset koruptor uang segitu minim tindak jahat bukan tidak indonesia sejahtera pandang dunia arah,negatif
tidak efisiensi berantas korupsi bener ruu rampas aset cepat bukan ruu tni polri tidak omong omong wok negara bwsar kuat cerah sir iya sir,positif
barangkali kenal anggota tanyain ruu rampas aset koruptor bahas nunggu kiamat kurang,negatif
ruu hap ruu jaksa ruu polri tni rampas aset koruptor,negatif
ruu rampas aset sorot akademisi desak perintah tindak,negatif
tifa manfaat rakyat susah izasah jokowi palsu rakyat nuntut ruu rampas aset koruptor biar syah dpr urus ganknya imbang,negatif
next bahas ruu rampas aset dpr,positif
perkara perut kesal umat contoh bijak perintah molor molor kesah ruu rampas aset,negatif
ruu rampas aset noh support biar tega hukum utama hadap aparat tegak hukum jaga negara malas bayar pajak tidak ubah arti layan tidak selaras pajak mahal bayar bobrok,positif
tidak tegak adil sahkan ruu rampas aset koruptor rakyat,positif
perintah tidak skala prioritas desak desak ruu rampas aset koruptor tidak ruu tni polri jaksa utama tuju,negatif
desak ruu rampas aset koruptor,positif
ruu tni tidak muncul ruu rampas aset tidak muncul mahkamah konsitusi acak tidak muncul perkara receh ramai muncul,negatif
prabowo surpres dpr bahas kesah ruu rampas aset,positif
iya vietnam mati indonesia gigit jari investor lari indonesia negeri korupsi koruptor tumbuh semi rampas aset ludah ruu jaksa restu koruptor lindung taiiiiiii tolakruukejaksaan,negatif
ruu rampas aset sahin,positif
tidak bahas ruu rampas aset,negatif
says dengerin suara milenial gen gen alpha cut oknum jabat kolot tidak kerja lelet korupsi konsep nya bagus ramai vlog marah marah kesah ruu rampas aset,positif
butuh rakyat indonesia ruu rampas aset,positif
cak hukum generasi habis koruptor negara hny ruu rampas aset main orang orang,negatif
jangan lupa suara ruu rampas aset ruu bukti,positif
video sindikat bius mal dagang organ video ricuh sidang dpr desak ruu rampas aset kendara stnk telat pajak langsung sita,negatif
pemikaran bagus dukung rru rampas aset sayang salah prediksi parlemen antek antek kuasa usaha jegal ruu,negatif
darurat korupsi indonesia ganti presiden bukan prioritas yah minimal ruu rampas aset ruu bukti aset jabat presiden pegang persen parlemen tum partai tidak,positif
sahkan ruu rampas aset,positif
dukung ruu rampas aset,positif
sidang hasto gaduh dukung kader pdip bukti pdip tidak dukung tega hukum tolak sahkan ruu rampas aset,negatif
desak ruu rampas aset,positif
canda ulur ruu rampas aset koruptor desak ruu tidak sifat tekan rakyat pajak pajak korupsi,negatif
dampak ruu rampas aset sah optimis adil ekonomi kurang korupsi,positif
bamsoet ruu rampas aset tinggal tunggu putus politik bahlillahadalia kuningkeren golkarindonesia partaigolkar golkarpedia,positif
ruu rampas aset koruptor takut senjata makan tuan,negatif
bukti kader pdip tidak pro tega hukum tolak ruu rampas aset,negatif
langka wakil rakyat suara suara rakyat bela rakyat ruutni ruukejaksaan ruukuhp kyknya rakyat obyek atur tekan rakyat ruu rampas aset koruptor mingkem takut ruu,negatif
sayang ruu rampas aset koruptor tidak sah prabowo kasihan anak istri koruptor aset sita dpr mikir juta kesah ruu rampas aset koruptor,negatif
presiden care anak koruptor shg ruu rampas aset wasalam,negatif
purnawirawan akses dpr coba jembatan ruu rampas aset syah manfaat bongkar mapan,positif
heh kojtol liat grafik dbi goblok lapang kerja usd ruu rampas aset apbn pajak mikir tidak idiot sekian pns bumn bumd proporsi apbn,negatif
makasih jangan kalah amerika ruu rampas aset korupsi sah,positif
mahasiswa masyarakat tidak desak ruu rampas aset koruptor sahkan peduli bangsa makmur rakyat indonesia aspirasi ruu rampas aset koruptor sahkan indonesia darurat korupsi,positif
ngomong cepat bahas ruu rampas aset,negatif
reichstaat alias negara hukum wakanda berani berani ruu rampas aset teken kemarin kemarin,negatif
ruu rampas aset tahan bamsoet putus politik bahlillahadalia kuningkeren golkarindonesia partaigolkar golkarpedia,negatif
selamat paskah tunggu laku reformasi total hukum reformasi total polri reformasi total dpr mpr mengsahkan ruu rampas aset indonesia emas cita cita suci bangsa term,positif
lihat tingkah laku koruptor acting nang nang lempar tawa ledek rakyat serius koruptor rakyat anggap kecoak rampas aset koruptor kasih ruu,negatif
arti rampas aset ahh komisi milih ruu hap,negatif
akar sistem,negatif
belum calon presiden indonesia buka usul amandemen uud rampas aset april prabowo subianto presiden dukung ruu rampas aset usul ampun koruptor aset,negatif
ketua dpr tidak satset sahkan ruu rampas aset,negatif
rampas aset kutuk tolak bahas ruu rampas aset,positif
ruu rampas aset belum sah koruptor tidak malu takut,negatif
moga perintah presiden mafia tanah laku korupsi berantas mohon presiden ruu rampas aset syah laku mafia tanah koruptor,positif
ruu rampas aset henti tarik ulur perintah dpr inisiatif bahas nilai cermin minim politik polhuk kompas,negatif
ruu rampas aset henti tarik ulur perintah dpr inisiatif bahas nilai cermin minim politik polhuk kompas,negatif
perintah dpr tidak kunjung kesah rancang undang undang ruu rampas aset komisi berantas korupsi kpk nilai calon beleid tindak rasuah,negatif
bingung ruu rampas aset bilang tidak desak,negatif
dpr tidak kunjung bahas ruu rampas aset kpk kaji mandiri dprri jumat ruuperampasan beritanasional,negatif
sahkan ruu rampas aset malas bayar pajak tidak ubah arti layan tidak selaras pajak mahal bayar bobrok kkn masif lini bayar pajak,positif
alternatif ruu rampas aset tidak kunjung tuju solusi koruptor bikin nama jalan pasang ramai mudah baca mumpung tulis ulang sejarah koruptor dimasukin mapel ips sejarah mere,negatif
korupsi rugi negara triliun rupiah bongkar jabat bilang kesah ruu rampas aset tidak desak jabat tai anjing,negatif
koq sah kaya kejar setor ruu rampas aset jalan,negatif
ruu rampas aset harta koruptor langsung sita tanpa nunggu vonis belum sah takut harta haram rampas prabowo gibran berani tidak ruuperampasanaset lawankorupsi reformasihukum,negatif
paksa bayar pajak,negatif
ayo cari duit yok biaya mewah keluarga mati sanksi sahkan ruu rampas aset malas bayar pajak tidak ubah arti layan tidak selaras pajak mahal bayar bobrok kkn masif,positif
menteri hukum prabowo dukung ruu rampas aset berantaskorupsi prabowoberantaskorupsi astacita indonesiatanpakorupsi,positif
presiden tuju syah ruu rampas aset laku koruptor penjara umur hidup biang usak hidup ekonomi rakyat bangsa nkri,positif
adies kadir janji kebut ruu hap bahas ruu rampas aset,positif
dpr inintdk hasil kerja nyata wakil rakyat putus hasil bukan rakyat kursi fakta ruu rampas aset koruptor ydk syah arti koruptornua anggota dpr bubar,negatif
maling maling mental iman ruu rampas aset biar selesai korupsi,positif
belum ruu rampas aset eksekusi jabat berani korupsi harta nya sita rakyat tidak orang jujur bersih kkn,negatif
tolol ketua dpr nya puan pdip suka ruu rampas aset koruptor drunboy jahanamia biadabia bin tololudin beban negara,negatif
dpr belum garap ruu rampas aset tunggu kesah ruu hap,negatif
dukung mohon anya,positif
uang anjing semangat gilir kesah ruu rampas aset koruptor anjing modar,negatif
wakil ketua dpr adies kadir tolak parlemen ulur ngulur kait bahas ruu rampas aset janji ruu bahas ruu hap selesai nunggu hap jangan garap,negatif
bahas ruu polri ruu rampas aset tunggu revisi hap rampung beritanasional ruupolri ruuperampasanaset hap,negatif
hap belum sah alas dpr belum garap ruu rampas aset,negatif
pimpin dpr rancang undang undang ruu rampas aset revisi polisi polri masuk daftar antre beleid bahas ruuperampasanaset,positif
wakil ketua dpr adies kadir tidak tarik ulur bahas ruu rampas aset iya ruu rampas aset bahas ruu hap sah,negatif
negara darurat ruu rampas aset sah lamaaa amaaat kebut malam lha mulur karet kolor,negatif
ruu rampas aset takut sumber aplikasi google,negatif
korupsi korupsi korupsi negeri cinta koruptor tobat kbr ruu rampas aset anggota dewan wakil rakyat tidak dengar rakyat,negatif
sumpah nanyain ijazah tidak ngikutin alih isu deh jatohnya kaksus woi tni ruu rampas aset adem ayem coba tidak bahas belot,negatif
wakil ketua dpr adies kadir menep tarik ulur bahas rancang undang undang ruu rampas aset pasal belum langkah konkret bahas calon beleid,positif
jangan bagus miskin ruu rampas aset minggat,positif
semalem langsung ketok palu barang beda ruu rampas aset ruu,negatif
rapat perintah mengsahkan ruu rampas aset negara darurat korupsi tri bumn korupsi belum pemda biar indonesia han,positif
kurang genting negara tri bumn korupsi tunggu mengsahkan ruu rampas aset biar indon,positif
bahas jalan tol bendung bangun batas ikan tahan pangan bos ruu rampas aset bahas ijazah,negatif
ruu rampas aset sah malas bayar pajak tidak ubah arti layan tidak selaras pajak mahal bayar bobrok kkn masif lini bayar pajak,negatif
kritisi kerja,negatif
bukahkah ajak tidak berani nie gimana ruu rampas aset tidak juang,negatif
ruu rampas aset final perintah matang draf ppatk,positif
simpul jangan ribut tidak ruu jaksa ruu polisi isahkan ruu rampas aset koruptor muter,negatif
mending demo desak ruu rampas aset hukum mati koruptor dukung rakyat,positif
wow hhhfffttttt jaksa kerut ruu rampas aset sah bayang triliun uang masuk kas negara tapiiiii ntahlah pesimis,positif
ruu rampas aset balikin uang negara,positif
ruu rampas aset tidak kunjung bahas presiden prabowo nyata komitmen dukung bahas ruu rampas aset lantas ruu belum bahas baca kompas,negatif
presiden prabowo nyata komitmen dukung bahas ruu rampas aset lantas ruu belum bahas polhuk kompas,negatif
presiden prabowo nyata komitmen dukung bahas ruu rampas aset lantas ruu belum bahas polhuk kompas,negatif
tidak berani sahkan ruu rampas aset koruptor berani,negatif
tidak berani suara ruu rampas aset,negatif
ruu rampas aset sah duit triliun selamat daya perintah kasihan istri anak koruptor adil istri,negatif
menteri hukum supratman andi agtas draf rancang undang undang ruu rampas aset final,positif
desak ruu rampas aset susah hukum naikin korupsi paleng bener paleng kader fraksi tum,negatif
apaaaa mending dpr sahkan ruu rampas aset,positif
buru bahas ruu jaksa utama bangsa korupsi tidak bahas rampas aset slama gaung korupsi bahas prabowo podium,negatif
wow ruu jaksa getol sahkan sdgkan ruu rampas aset pda mingkem,negatif
perintah tidak kesah perppu rampas aset koruptor negeri maju korea selatan sah tni ruu jaksa potensi lindung koruptor asu,negatif
ruu rampas aset omong,negatif
ketua pusat studi anti korupsi pukat fakultas hukum universitas mulawarman samarinda orin gusta andini nilai nyata anggota baleg dpr ahmad irawan kait rancang undang undang ruu,positif
pakar hukum perdata pidana universitas trisakti abdul fickar hadjar anggota baleg dpr ahmad irawan kait rancang undang undang ruu rampas aset,negatif
salah alir dana koruptor males rapat ruu rampas aset,negatif
ngajaknya demo kesah ruu rampas aset yuk turun bareng,positif
cari duit halal nafkahin keluarga bos anak untung kartu indonesia pintar subsidi didik ringan demo goll ruu rampas aset ayuk turun,positif
ruu rampas aset koruptor sah kasihan lihat hasto miskin anak buah,negatif
penggal kepala koruptor ruu rampas aset sahkan bukan lunas jerat hutang saing china,positif
desak dpr kesah ruu rampas aset koruptor,negatif
desak dpr kesah ruu rampas aset koruptor,positif
dungu tidak substansial rampas aset revisi tni ruu rkuap ruu siar desak rakyat bodoh suka isu tidak mulyono roy panggun,negatif
pantesan ruu rampas aset koruptor hambat dpr,negatif
urus duit cepat tuju ruu rampas aset diam ribu bahasa takut tangkap miskin,negatif
bahas proses kesah ruu rampas aset wacana lupa bijak perintah,negatif
balance dpr tuntas ruu rampas aset belum dana bantu parpol,positif
duh media salah kuti dinda belum baca ruu rampas aset koq dkatakan aset wartawan rampas pidana paralel laku tidak merta adi ruu henti anggota balegnya,negatif
hukum mati koruptor sah ruu rampas aset koruptor tidak naikin dana parpol kali lipat kurang korupsi duit nenek moyang,positif
gilir tuju ruu rampas aset koruptor anjing goblok,negatif
tolak nyata ugm otoritas terbit ijazah gagal total fokus ruu rampas aset miskin arteria,positif
koruptor rampas hak warga bersih risih santai,negatif
gila ite perkara orang laku tipu online transaksi uang online nyata jerat rakyat kritik perintah cemar nama benci ruu rampas aset jerat rakyat,negatif
plot twistnya skenario tutup ruu rampas aset koruptor tidak bahas,negatif
dunk kesah ruu rampas aset bahas sittd dpr gmn,negatif
ruu rampas aset sah selenggara takut parakoruptorketakutandimiskinkan parakoruptorketakutandimiskinkan,positif
warga mah korupsi gelas teh kondangan minum sisa bawa pulang anak rumah gas nyolong gudang bukan nyicip gendang,negatif
koruptor suka mengatasnamakan rakyat bela,negatif
sial andai negara hukum mati kesah ruu rampas aset koruptor bangsa asean vietnam tinggal tolakruukuhap,positif
baleg dpr temu potensi potensi moral hazard kena draf ruu rampas aset inisiasi perintah polhuk kompas,negatif
baleg dpr temu potensi potensi moral hazard kena draf ruu rampas aset inisiasi perintah polhuk kompas,negatif
koruptor mah tidak takut mati neraka tuhan penjara takut jatuh miskin melarat ruu rampas aset kelar,positif
demo masyarakat bilang naikkin terima pajak suara demo tolak ruu tni sahkan rampas aset,positif
hrusnya dkebut ruu rampas aset sngt efektivitas berantas korupsi iya mmberi payung hukum tindak aset,positif
perppu rampas aset koruptor cepetan teken bukan tni bukan ruu jaksa bukan ruu hap perppu rampas aset koruptor budeg,positif
hai alsaians alsa symposium hadir tema tanda hadap lambat kesah ruu rampas aset ruang diskusi buka jangan lupa dateng iya,negatif
think twice sdm bodoh urus sejahtera adil sosial ribut ijazah untung rugi tidak muasin egoisme junjung lihat efek tidak masyarakat terpec,negatif
gaung ruu rampas aset,positif
paham tidak dar jaga kantor kintil harap tni hebat militer pakistan jangan jago kandang rem gus glodok tidak imbang rampas aset tolak ruu jaksa,negatif
menteri hukum presiden prabowo dukung ruu rampas aset presidenprabowo visipresidenprabowo berantaskorupsibersamaprabowo prabowogaspollawankorupsi penguatanpemberantasankorupsi indonesialawankorupsi korupsi,positif
kirain prabowo teken pres rampas aset nyata pres lindung wkwkw mah ruu jaksa versi lite dpr men sahkan ruu pasal pasal kontroversi bikin pres duluan lhoo tolakruukejaksaan,negatif
wakil ketua dpr sufmi dasco ahmad nyata dpr bahas ruu rampas aset rkuhap minggu pagi,positif
korupsi ribu triliun belum genting edann perintah enggan terbit ruu rampas aset,negatif
milik integritas,positif
dpr bahas ruu rampas aset rkuhap,negatif
dpr bahas ruu rampas aset regulasi dukung rampung saverajaampat mygoldenbloodfinalep zonauang itsskin presenter dunk blackpink,positif
dpr murni wujud aspirasi partai untung partai dpr setuju rakyat tunggu tuju partai contoh real ruu rampas aset dpr tidak teken takut partai tidak takut rakyat,negatif
dasco ruu rampas aset bahas ruu hap selesai,positif
ruu rampas aset sah sebentar,positif
korupsi tipikor tindak pidana cuci uang tppu kuhp hap ambil dpr selesai ruu kait atur ruu rampas aset kompilasi harmonis,positif
bahas ruu rampas aset laku bahas ruu hap selesai materi rampas aset tidak atur atur undang undang sebar regulasi undang undang tindak pidana,positif
ruu rampas aset bahas ruu hap rampung itsgalaxys sidequests,positif
nasib ruu perampsan aset,positif
perang tidak enten berani atur presiden percaya harap ruu rampas aset koruptor sah ragu nctdream gobacktothefuture ujan panas lee jeno kingdom motogp,positif
omong kejar koruptor antartika perang serius berantas korupsi sahkan ruu rampas aset monggo prabowo,positif
hak nyuruh kepala negara suruh unjukin izasahnya tuduh izasah palsu gaduh tindak hukum tidak manfaat rakyat lapar urus ruu rampas aset koruptor biar disy,positif
ruu rampas aset sik cuk,positif
pimpin dpr ruu rampas aset bahas ruu hap,positif
ruu rampas aset bahas ruu hap pantau bestie dirty work lapakcot withmoqeel,positif
sulit nilai ubah nyata berantas korupsi presiden prabowo jabat delapan komitmen kuat dukung ruu rampas aset nyata,positif
dukung ketgasan bpk ambil langka usut tuntas korupsi slma rajalela negeri dpr sahkan ruu rampas aset aman selamat bangsa bpk rombak kabinet membersihk,positif
ruu rampas aset tidak kunjung sah duga libat alih fungsi tanah kemenag milik pribadi negara rugi miliar modus terbit sertifikat dokumen palsu enteng aset negara pindah tangan,negatif
bambang pacul jongos budak oligarki bukti ketua komisi hukum dpr tidak sahkan ruu rampas aset pdip mayoritas pdip pecah bubar bagus negeri,negatif
dorong prabowo subianto cepat ruu rampas aset inspirasi generasi lawan korupsi,positif
arti ruu sita harta rampas aset tindak pidana sahkan,positif
ruu rampas aset kurang anggota dewan,positif
rapat kesah khodam kerkez cepat rapat kesah ruu rampas aset tidak sempet,positif
jumat malam sabtu genkz sadar tidak nya presiden prabowo gercep bngt teken kebijkan kait jaksa tanpa fafifufefo nya gilir rampas aset tele tele tolak ruu jaksa malam suro karma lazada durian,positif
iya hukum gabeda kaya maling ayam mah koruptor konoha jalan nya sah ruu rampas aset hukum mati koruptor,positif
ruu rampas aset bahas revisi hap selesai secretstory squidgame pepsixgfss,positif
sufmi dasco ahmad ruu rampas aset revisi hap rampung ruu lawan korupsi jahat organisir dasco ruuperampasanaset,positif
bagus arti ruu rampas aset sah senyum lemah lembut,positif
sah rampas aset auto bunuh tidak sah ruu,negatif
janji dasco bahas ruu rampas aset habis revisi hap angin segar kuat hukum negeri,positif
ruu hap desak ruu rampas aset moga bukan omong masyarakat kawal ruu rampas aset bnr sah,positif
janji dasco ruu rampas aset publik semangat hukum efektif,positif
bahas ruu rampas aset revisi hap pastiin atur sinkron efektif dasco,positif
rakyat tidak sabar tunggu kesah ruu rampas aset hukum mati koruptor nihh cepetan,positif
berantas prabowo milik strategi ulit mulyono termul nya ijazah palsu kuat mulyono eks ruu rampas aset syah perang,positif
laksana bukan dar omong omong ayo sahkan ruu rampas aset maling uang rakyat,positif
ruu rampas aset sita aset hasil tindak pidana tanpa tunggu putus adil kuat hukum,positif
ambil dpr selesai ruu kait atur ruu rampas aset kompilasi harmonis,positif
bahas rancang undang undang ruu rampas aset laku bahas ruu kitab hap selesai,positif
ketua baleg dpr bob hasan baleg evaluasi prolegnas ruu rampas aset evaluasi masuk prolegnas prioritas belum masuk prolegnas jangka,positif
benahin mbg tidak henti tunai janji gampang sahkan ruu rampas aset omong omong,positif
ruu rampas aset dlu deh sah tok tok tok tok,positif
jangan omong omong koalisi gede desak kesah ruu rampas aset,negatif
koar koar lawan korupsi ruu rampas aset tidak kelen,negatif
presiden teromon ruu rampas aset kaga kelarin,negatif
dasco rampas ruu rampas aset laku rukuhap selesai milik kait hukum prosedural,positif
dasco perintah dpr sepakat ruu rampas aset berantas korupsi,positif
ruu rampas aset tungku rampung bahas ruu hap,positif
benny harman ruu rampas aset sita tanpa sidang laku aset tidak bukti usul scr sah tidak abai prinsip adil sbb ttp awas hakim mekanisme non litigasi dasar bukti,negatif
suami dasco ahmad dukung semangat berantas korupsi ruu rampas aset prinsip hati hati hukum susun matang tidak langgar hak asasi prosedur hukum,positif
indonesia butuh ruu rampas aset tutup celah jahat ekonomi gaji hemat gratis ongkir nkri global dishopeelebihhematlebihcepat,positif
ruu rampas aset konsep pulih aset tanpa putus pidana dishopeelebihhematlebihcepat nkri global,positif
sebenernya ngelawan korupsi gampang sahkaan push kesah ruu rampas aset hukum mati koruptor takut mati takut anak miskin asetmya rampas,positif
ruu rampas aset konsep pulih aset tanpa putus pidana dishopeelebihhematlebihcepat nkri global,positif
sahkan ruu rampas aset kpk independen wenang wenang kpk klu wowo war koruptor,positif
ruu hap regulasi induk prosedur hukum pidana landas utama terang ruu rampas aset dpr mnilai kehat bahas ruu tidak tumpang tindih srta mmastikan hak asasi ttp lindung negara sita aset curiga hasil jahat,positif
yaudah hayo jangan omong lelah liat kampanye tidak kelar presiden minimal sahkan ruu rampas aset kpk independen,positif
proses ganggu coba suruh proses ruu rampas aset miskin koruptor tidak korupsi,positif
kompak dalih lawan akal sehat dalih ruu rampas aset dalih beda ruu kuasa gerak cepat sembunyi hotel kesah,negatif
ruu jaksa ruu tni polri tidak ruu rampas aset koruptor,positif
dpr pilih selesai revisi hap cegah tumpang tindih atur ruu rampas aset polri,negatif
ruu rampas aset bahas ruu hap rampung beritaterkini beritaviral kabarterbaru klikwarta news beritanasional,negatif
wakil ketua dpr sufmi dasco ruu rampas aset bahas ruu hap rampung,negatif
dpr bahas ruu rampas aset tunggu rampung ruu hap,negatif
wakil ketua dpr sufmi dasco ahmad bahas rancang undang undang ruu rampas aset laku rampung bahas ruu kitab undang undang hukum acara pidana hap besok gaji promo lebihhematlebihcepatdishopee,negatif
dasco nyata ruu rampas aset belum sah kendala kompilasi atur dpr mnegaskan serius mnyelesaikan regulasi proses intensif reses selesai cepat tindak hadap hasil jahat,negatif
bahas rancang undang undang ruu rampas aset gulir rampung revisi ruu kitab undang undang hukum acara pidana hap ruu perampasanaset hap ruuperampasanaset ipol,negatif
dasco nyata ruu rampas aset hambat belum sinkron atur kait tindak pidana korupsi cuci uang tindak pidana dpr upaya kompilasi atur selaras efektivitas tindak aset hasil jahat,positif
tenang tenang ruu rampas aset syah,positif
ruu rampas aset masuk prolegnas prioritas beritanasional ruuperampasanaset prolegnas,positif
dasco bahas ruu rampas aset revisi hap rampung,negatif
duga dpr bukan wakil rakyat dalih tidak dengar aspirasi rakyat ruu rampas aset dalih tidak masuk akal,negatif
dasco ruu rampas aset tunggu ruu hap rampung,negatif
ruu rampas aset tunda dasco dpr fokus selesai ruu hap,negatif
nasib ruu rampas aset tangan hap pimpin dpr,negatif
momentum dpr kebut bahas ruu rampas aset reses komitmen aset negara asetnegara adil dpr kawalruu transparansi,positif
bilangin suruh sah ruu rampas aset koruptor,positif
ketua baleg dpr bob hasan tanggap menkum supratman ruu rampas aset masuk prolegnas bob bicara peluang,positif
dpr bahas ruu rampas aset ruu hap rampung,negatif
sufmi dasco kabar ruu rampas aset simak,positif
den cagur ono surono varrel wakil rakyat tidak wakil wakil kdm wakil rakyat perjuangankan sahkan ruu rampas aset harta benda koruptor ber level orang kades hoho alkaf,positif
monggo mas baca tidak playing victim detik ruu rampas aset tidak sah,negatif
anggota komisi iii dpr nasir djamil bahas rancang undang undang ruu rampas aset tidak laku gesa gesa nasir wartawan kompleks parlemen senayan jakarta pusat jumat juni,positif
bubar tidak sahkan ruu rampas aset koruptor,negatif
bilangin mba puan dukung kesah ruu rampas aset koruptor tikus budug kuasa lumbung miskin berani tidak,negatif
tenang ruu rampas aset syah,positif
iya tidak tekan ruu rampas hak aset sahkan rakyat indonesia akn dukung laku,positif
korupsi indonesia desak tidak demo ruu rampas hak aset sahkan demo hukum mati koruptor kelas kakap,positif
ruu rampas aset kuat upaya negara telusur sita harta hasil jahat samar laku non conviction based asset forfeiture indonesia lawan aset jahat tnpa nunggu vonis pidana gaskeun,positif
benah korupsi kesah ruu rampas aset,positif
ruu tni telusur petisi tni ruu rampas aset koruptor telusur tidak rampas aset,negatif
sabar smbil tunggu ruu rampas aset koruptor sahkan pmrnthan prabowo gibran pantau aktifitas tikus budug sabar,positif
minggu sore tidak habis pikir bijak presiden prabowo sat set bngt teken coba donk ruu rampas aset ksn secepet nya tolak ruu jaksa selamat ulang jakarta tebar bahagia,positif
moga bareng syah ruu rampas aset laku kkn utama jabat,positif
ruu rampas aset tidak kabar berita,negatif
presiden prabowo komunikasi bahas ruu rampas aset prabowo indonesiaemas,positif
presiden prabowo sinyal kuat ruu rampas aset prabowo indonesiaemas,positif
ruu rampas aset koruptor segara sah,positif
halooooo kasihan rakyat pontang panting usaha tidak ngerepotin negara direpotin negara negara jangan ganggu rakyat sengsara bijak mending dorong ruu rampas aset,positif
koruptor indo kanker stadium ruu rampas aset mimpi guru harap gaji ajar moral budi pekerti jujur tidak ajarin rumit butuh generasi jujur,negatif
tidak ruu rampas hak aset sahkan biar pasu negara biar tidak pajak,positif
ruu rampas aset koruptor sah,positif
mending tantang sahkan ruu rampas aset hukum mati koruptor jalan,positif
offside rekening dormant masuk wilayah kerja perban bukan ppatk ppatk kerja lacak harta koruptor ruu rampas aset koruptor,positif
gmna sahkan ruu rampas aset orang koruptor ngumpul situ,negatif
butuh berantas korupsi henti ruu rampas aset perintah dpr gercep ruu jaksa ruu polri ruukuhap tolakrkuhap tolakruukejaksaan,negatif
gilir rakyat nagih ruu rampas aset koruptor sah anggota dewan lemottzz bangsadtt,negatif
komitmen berantas korupsi presiden prabowo dukung ruu rampas aset berantaskorupsi,positif
komitmen berantas korupsi presiden prabowo dukung ruu rampas aset berantaskorupsi,positif
komitmen berantas korupsi presiden prabowo dukung ruu rampas aset berantaskorupsi,positif
tidak hati hati lembaga perintah potensi langgar perban ham fokus bantu usut dana koruptor ruu rampas aset,positif
andai pilih angin tidak ktp mending bukan rampas aset sahkan desak ruu tni sah tahek kebon,negatif
massa aksi suara resah hadap situasi nasional nilai cita cita makmur adil sosial,negatif
ruu rampas aset susul revisi hap adil independen adil transparan hap revisi adopsi sistem juri sesuai kondisi indonesia civil law sinergi raih makmur,positif
sepi tuntut aju bagus utama poin ruu rampas aset koruptor tagar tidak gaung ppecahan bem tidak tuntut adil jokowi sperti dsukai buzzer oposan,negatif
dasco sorot bahas ruu rampas aset tunggu slsainya revisi hap komisi iii dpr iya mnekankan harmonisasi materi kait rampas aset sebar brbagai regulasi ruu efektif,positif
presiden prabowo ruu rampas aset bentuk serius perintah bongkar praktik korupsi regulasi cepat pulih rugi negara,positif
dasco ruu rampas aset bahas ruu hap rampung bukan senen sinergi raih makmur undip weuro,negatif
presiden prabowo ruu rampas aset komitmen berantas korupsi sppg polri,positif
sekian kali demo perintah belum ruu rampas aset koruptor masuk tuntut nomor buncit moga demo lancar tertib tidak susah jalan,positif
presiden prabowo ruu rampas aset bentuk serius perintah bongkar praktek korupsi saverajaampat hideandsis presstour gawincaskey hideandsis gmmtv zonauang iamthefuture teaserimage jaehyuk thheartsday ozzy,positif
presiden prabowo ruu rampas aset komitmen berantas korupsi saverajaampat hideandsis presstour gawincaskey hideandsis gmmtv zonauang iamthefuture teaserimage jaehyuk thheartsday ozzy,positif
setuju prasyarat dana parpol paket kesah ruu rampas aset hukum matheyyy koruptor,positif
ruu rampas aset,positif
gugat adil ruu rampas aset koruptor belum sah,negatif
gugat adil ruu rampas aset koruptor belum sah,negatif
negara butuh duit mending sah ruu rampas aset koruptor dasar tikus kon,positif
mengsahkan ruu rampas aset takut juragan partai susah rakyat tancap gas brow bubar dpr ppat lembaga tidak,negatif
nafas dipajakin coba ruu rampas aset proses aset koruptor bayar hutang negara shg rakyat tidak beban aneka pajak cekik,positif
pancasila kurikulum didik sahkan ruu rampas aset,positif
pajak gede tanpa feedback bayar beli tiket konser mistreatmean anj gila word pajak sahin ruu rampas aset tidak enak tidak enak tidak rilis jae bukan day,positif
halah ruu rampas aset koruptor susah sah,negatif
ruu rampas aset koruptor gagal sahkan arti fasilitas koruptor korupsi nya hukum ringan penjara kaya raya penjara fasilitas mewah,negatif
biarin ijazah palsu tidak allah masyarakat butuh lapang kerja butuh pokok jangkau ruu rampas aset hukum mati koruptor,positif
vonis ringan tidak efek jera laku suap pdip tolak sahkan ruu rampas aset pdip salah sumber bangsa,negatif
sahkan ruu rampas aset apbn isi tuntut koruptor bukan malakin rakyat,positif
belum ruu rampas aset sah berat jalan berantas korupsi,positif
fokus ngurusin judol pinjol ruu rampas aset koq senang rakyat sengsara,positif
ruu rampas aset sah koruptor tidak hukum mati,positif
bloon tidak ruu rampas aset ayng diskusiin sah memeeyyyyyyk,positif
isu kawal ruu hap kualitas sekolah negeri ruu minerba ruu rampas aset justice tom lembong sepakat turun tarif usa tulis ulang sejarah indonesia,negatif
halo edots informasi tidak undang undang rampas aset ruu rampas aset belum sah juli,positif
gilir ruu rampas aset bungkam,negatif
prabowo kasihan anak istri ruu rampas aset koruptor sah dpr dalih tidak kesah presiden prabowo dpr nampak wakil koruptor rakyat,negatif
jangan langsung ngesahin ruu rampas aset,negatif
sahkan ruu rampas aset biar duit negara korupsi negara jangan bijak program kaga masuk akal contoh mbg jangan pejabrut rangkap jabat tebas jabat tidak contoh,positif
triliun cermin tantang sistemik parah pengaruh oligarki intervensi politik lemah institusi samping ruu rampas aset prabowo prioritas pulih independensi kpk pening,negatif
kerjasama kesah ruu rampas aset tindak pidana salah solusi sejahtera rakyat,positif
prabowo takut prabowo kerap lontar tuding hadap koruptor olah urus berantas korupsi nyata iya tidak berani politik nyata dukung kesah ruu rampas aset buah instrumen,negatif
demo tuntut ruu rampas aset koruptor sah,positif
triliun cermin tantang sistemik parah pengaruh oligarki intervensi politik lemah institusi samping ruu rampas aset prabowo prioritas pulih independensi kpk tingkat awas bumn atur,negatif
miskin anggur turun bantu langsung tunai turun efektif sahkan ruu rampas aset presiden prabowo klaim turun angka miskin anggur indonesia bps belum rilis data,positif
indonesia darurat korupsi ruu rampas aset koruptor sah regulasi hukum mati koruptor tanpa korupsi budaya lestari orang orang mental maling hukum tidak membulkan efek jera,positif
ide brilian mata kuliah anti korupsi ala anies kpk paramadina konfirmasi model nasional via kemendikbud ekspansi inkubator ide kolaborasi universitas kpk workshop riset,positif
setuju prabowo tukang dobrak dobrak macet ruu rampas aset kandidat potensial hashim djojohadikusumo saudara pengaruh via ikat keluarga,positif
lemah ruu rampas aset henti dpr juli sumber kompas celah manipulasi integrasi tech front end app whistleblower anonim via blockchain back end,negatif
koruptor nuntut kesah ruu rampas aset blokkk,negatif
beliau kadang suka lupa beliau presiden dana koruptor tidak tangkap orang tidak nikmat hasil korupsi tangkap lupa ruu rampas aset belum,negatif
intervensi politik lemah institusi samping ruu rampas aset prabowo prioritas pulih independensi kpk tingkat awas bumn atur dana politik kuat integritas adil manfaat teknologi libat masyarakat sipil,negatif
nyata bukti perintah sibuk salah rakyat berantas akar korupsi ruu rampas aset koruptor sah,positif
cepat sah ruu rampas aset jangan curhat luh kocyag,positif
gercep,positif
jangan muncul cercah harap optimis harap mulut presiden php janji ruu rampas aset ukt murah gratis pasrah nasib jelek rakyat,negatif
nungguin undur managemen nunggu ruu rampas aset,negatif
dokuroiders halo ruu rampas aset belum sah juli bahas dpr,positif
ngotot tidak sahkan ruu rampas aset,negatif
pilih sah ruu rampas aset koruptor,positif
ngaruh percaya masyarakat perintah tingkat tolak kesah ruu rampas aset,negatif
rakya desak presiden prabowo kirim supres ruu rampas aset sifat dpr bahas tiktoklive,positif
dpr kerja tugas sahkan ruu rampas aset tidak urusin akun medsos warga gimana tidak tidak dpr usul akun medsos batas orang akun second account ancam pidana jokowiperusaktanahair jokowiperusaktanahair,positif
jokowi tidak intervensi proses hukum beliau tidak jabat jabat politik perhati sahkan ruu rampas aset,positif
coba tidak usul ruu rampas aset unt koruptor jamin reputasi beliau aman rakyat setuju koruptor hukum mati miskin,positif
kpk dukung langkah presiden prabowo dorong ruu rampas aset sah indonesiaemas,positif
presiden prabowo dukung ruu rampas aset prabowo indonesiaemas,positif
coba kebut ruu rampas aset koruptor,positif
kendali negara presiden tum partai perintah ruu tidak suka tum partai undang rampas aset yah tidak barang bambang pacul korea nurut ketua,negatif
tidak demo ruu rampas aset,negatif
presiden prabowo dukung ruu rampas aset berantaskorupsi prabowoberantaskorupsi astacita indonesiatanpakorupsi,positif
presiden prabowo dukung ruu rampas aset koruptor berantaskorupsi prabowoberantaskorupsi astacita indonesiatanpakorupsi,positif
presiden prabowo dukung ruu rampas aset koruptor berantaskorupsi prabowoberantaskorupsi astacita indonesiatanpakorupsi,positif
presiden prabowo dukung ruu rampas aset nyolong tidak tarik berantaskorupsi prabowoberantaskorupsi astacita indonesiatanpakorupsi,positif
aset aman negara susah ambil uang hasil jahat ruu rampas aset khusus segara sah syarat jamin akuntabilitas transparan,positif
ruu rampas aset koruptor tidak bahas bayar fasilitas keringat rakyat sadar tidak wakil rakyat badut mending bubarin,negatif
kpk dukung langkah presiden prabowo sahkan ruu rampas aset pulih uang negara berantaskorupsi,positif
melentinglaaah patuh komandan khusus urus menyelasaikan ruu rampas aset ruu gantung awang ruang sidang senayan,positif
masyarakat kesah ruu rampas aset koruptor bukan pengambilalihan tanah bengkalai milik pribadi dengar,positif
mah baca perhati usul masyarakat rampas tanah negara masyarakat tuntut kesah ruu rampas aset koruptor,positif
wacana kena rancang undang undang rampas aset muka presiden prabowo subianto nyata dukung harap publik terbit ruu janji terobos lawan korupsi,positif
kpk dukung langkah presiden prabowo sahkan ruu rampas aset pulih uang negara berantaskorupsi,positif
smua urusin nimbum ruu rampas aset yee,negatif
ruu rampas aset judol ekonomi anj,negatif
ruu rampas aset koruptor tidak liat,negatif
berantas judol berantas korupsi dukung industri negeri tingkat ekspor daya sdm juta lapang kerja hukum berantas narkoba ruu rampas aset program sosial nope,negatif
ruu rampas aset kawal sah paradigma aset rampas wenang vonis hakim pasal ayat tipikor khusus huruf,positif
mending sahkan ruu rampas aset ruu hukum mati koruptor,positif
ruu rampas aset tidak beliau kejar antartika,negatif
ruu rampas aset gmn woiiii,positif
salah nantangin masyarakat copot kapolri reformasi polri batal tunjang dpr bukan oktober sahkan ruu rampas aset,positif
ruu rampas aset rakyat,positif
rubah bentuk orang ganti presiden wapres ganti ketua dpr ganti anggita dpr dominan kim orang koalisi wowo ganti menkeu ganti wamenaker ganti kapolri rubah bentuk non manusia sahkan ruu rampas aset,positif
rumah anggota kunjung demo mengsahkan ruu rampas aset,positif
manfaat momen rakyat laku dpr halang manfaat momen tekan sahkan ruu rampas aset,positif
tunggu cepat chaos allah jangan diam penuh tuntut rakyat copot kapolri reformasi polri batal tunjang dpr bukan oktober sahkan ruu rampas aset,positif
masyarakat tidak takut nothing lose hidup makan kerja rumah sulit tahan hidup syukur mimpi nothing lose pecah demo tenang kam,negatif
jarah jam miliar sahroni kejar intel gagal laksana ruu rampas aset,negatif
ruu rampas aset action,positif
mahfud nyuruh sahin ruu rampas aset bambang pacul nyuruh tum partai hadehh negara daulat rakyat daulat partai,positif
tandatangani ruu rampas aset koruptor independensi kpk hukum jangan alat kuasa,positif
real rampas aset liat takut kesah ruu undang undang takut tuhan,positif
sahkan ruu rampas aset tidak bakar gedung dpr,positif
pikir mundur marah hidup nothing lose lapar kerja tidak tinggal mahal dar hidup syukur mimpi pasuk tenang tekan ruu peram,positif
ruu rampas aset hny dagang nyata dekade ruu belm sah genz generasi lurus ruu sah negeri rusak korupsi tunda ruu sahr,positif
manfaat momen kawan boikot stop bayar pajak sahkan ruu rampas aset,positif
wujud nyata ruu rampas aset,positif
anggap serius sebenernya diperhatiin impact jarah rumah dpr ngebuat batalin tunjang,negatif
tinggal jejak drmh jabat garap segra kesah ruu rampas aset,positif
tenang tekan ruu rampas aset miskin koruptor kebut langsung draf ruu rampas aset,positif
dpr berani kesah ruu rampas aset koruptor redam amuk massa,positif
genz lelah tangkap rusa juang ruu rampas aset sah negeri pundak genz generasi lurus kanan woi istrahat,positif
tidak takut lapar kerja tidak jangan mimpi dar tahan hidup syukur tenang bantu dorong ruu rampas aset,positif
jarah rumah dpr kayak buah bentuk muak masyarakat ruu rampas aset tidak kunjung sah,positif
real ruu rampas aset dedak sah brtele rampas rakyat deh wkwk,positif
ruu rampas aset mnjd agenda dpr sah tidk sah cpt bukan tidak mgkin jarah jabat terima kasih genz generasi lurus negeri,positif
buru sahkan ruu rampas aset genz generasi lurus muak janji kesah ruu tsb dekade anggap rakyat bodoh tolol lupa jangan smp tular rmh,positif
ruu rampas aset tidak disahakan keburu aset rampas warga langsung buah pesan sirat warga dewan tanggung kesah ruu rampas aset,negatif
ruu rampas aset koruptor tidak selesai alternatif warga,negatif
tuntut rakyat sahkan ruu rampas aset belum tenggat september pecat anggota dpr hina rakyat deddy sitorus bambang pacul ahmad sahroni bebas tahan aspirasi,positif
ketua parpol nolak ruu rampas aset,negatif
ruu rampas aset sahkan,positif
praktik ruu rampas aset,negatif
ruu rampas aset terap,positif
bilang tidak perintah dpr,negatif
nyata ngebuat takut dosa penjara rumah jarah ruu rampas aset koruptor,positif
ruu rampas aset sahkan,positif
nampaknya lambat ruu rampas aset jalan masyarakat rumah syahroni,negatif
dpr benci rakyat tuju ruu rampas aset rakyat dukung dpr,positif
sahkan ruu rampas aset koruptor cok,positif
setuju ruu rampas aset rakyat dukung dpr tidak percaya bukti,positif
kawal tenang boikot stop bayar pajak sahkan ruu rampas aset,positif
mending fokus dpr tuntut sah nya ruu rampas aset koruptor,positif
mending fokus tuntut sah nya ruu rampas aset koruptor dpr biar fokus demo nya tidak lebar,positif
gara ketua partai tidak berani kesah ruu rampas aset koruptor,negatif
bukan presiden dpr dpr dpr sasar dpr krna presiden kuat dpr dpr geng tidak sah rampas aset video bilang sahin ruu lobby tum partai bukan,negatif
mending fokus tuntut sah nya ruu rampas aset koruptor,positif
dpr sahkan ruu rampas aset tidak laksana aset jabat anggota dpr sita massa rumah anggota dpr ahmad sahroni eko patrio uya kuya ganti isi rumah sri mulyani sita massa negara aparat,negatif
belum lambat ketua dpr jajar diskus dialog wakil mahasiswa masyarkat tuntut ruu rampas aset sah batal tunjang sederhana,positif
ruu rampas aset tidak sah dewan,negatif
jalan tulis rumah sahroni eko patrio sahkan ruu rampas aset,positif
ruu rampas aset sahkan rakyat tengok rumah,positif
ruu uud rampas aset sahkan rakyat,positif
bener sah ruu rampas aset rampas ilegal tidak sistematis salah ngotak mah mulut pinter hati otak pakai bijak mulia dpr,positif
please tmn chaos kynya tuju belum coba tentuin sepakat konkret biar perintah lakuin demo tunjang eksekutif,positif
suruh dpr sahkan ruu rampas aset koruptor tekan tum partai andil tuju bahas kesah ruu fraksi dpr,positif
tuntut kabul utama ruu rampas aset reformasi polri reformasi dpr audit dpr menteri bumn laennya deh,positif
ruu rampas aset sahkan rakyat,positif
akibat jabat sembarang lontarin statement akibat dpr tidak turun diskusi rakyat akibat bijak tajam akibat hilang empati akibat ruu rampas aset hukum mati koruptor tidak laku akibat rusak konstitusi ulah jabat,negatif
bnyak bilang jangan main jarah marah marah nya orang nya aspirasi nya orang slama diam bae bnyak nyampein aspirasi anteng dduk manis rakyat marah ruu rampas aset,negatif
etika sopan santun responsibility transparansi sahkan ruu rampas aset kuat kpk,positif
bagus bearti trial rampas aset hasil sahkan ruu nya lihat hasil indonesia,positif
jalan tidak aman pulang rumah selamat dpr nya wfh kabur fokus tekan dpr sahkan ruu rampas aset pecatin jabat publik asbun batal tunjang etc dpr jarah bukan misi rakyat jangan tunggang,positif
ruu rampas aset rampas paksa tanpa bukti,positif
prabowo omong omong ruu rampas aset masyarakat miskin jabat tolol bang gong tidak karuan,negatif
sahkan ruu rampas aset hapus gaji pensiun dpr kerja nyusahin rakyat umur hidup,positif
dampak ruu rampas aset tidak sah rakyat rampas aset harfiah,negatif
harap ruu rampas aset sah revisi jatah dapil sesuai prosentase suara bukan urut ketua partai tunjang pensiun umur hidup legislatif hapus pph legislatif bayar kpi legislatif akses publik kpi,positif
tuntut rakyat sederhana reformasi polri pecat kapolri batal tunjang dpr bukan oktober sahkan ruu rampas aset bukan mode tembak demo indikasi anarkis lapang arti liar,positif
rakyat jalan uji coba ruu rampas aset belum sah,positif
sahkan ruu rampas aset koruptor,positif
kerja wakil rakyat kabar ruu rampas aset pro rakyat,negatif
ruu rampas aset sah rakyat gausah pakai dpr,positif
haha poin tarik frustrasi orang kreatif cari tuntut ruu rampas aset muncul demo pontianak sumber wikipedia cnbc proses hukum resmi,negatif
asli simpel dpr turun dengar tuntut aspirasi rakyat realisasi ngak realisasi deh ruu rampas aset selesai,positif
tidak demo bilangin dpr sahkan ruu rampas aset,positif
presiden dengar aspurasi tembak mode bunuh culik tuntut sederhana pecat kapolri reformasi polri batal tunjang dpr sekar bukan oktober sahkan ruu rampas aset,positif
ruu rampas aset tangan rakyat done deal,positif
ruu rampas aset buru sahkan timbang rampas langsung masyarakat gabisa mainin,positif
rusak fasum salah jarah salah salah diam,negatif
nunggu ruu rampas aset mending rakyat langsung eksekusi,negatif
kurang bos sahkan ruu rampas aset,positif
sahkan ruu rampas aset potong take home pay dpr maksimal umr,positif
sahkan ruu rampas aset koruptor,positif
dpr ngesahin ruu rampas aset rakyat turun tangan btw pingsan jangan mati minimal kena siksa dunia,negatif
ruu rampas aset sah jera dewan wakil ajar jujur rakyat ajar,positif
dasar info bambang pacul ruu rampas aset koruptor singgung mahfud,negatif
uji coba ruu rampas aset rmh sahroni percaya sorry,negatif
rumah puan emaknya biang tolak ruu rampas aset jabat ketua partai ketua dpr,negatif
ruu rampas aset koruptor tidak sah sah rampas warga langsung,negatif
lihat aset rekan rampas rakyat takut koruptor jabat songong takut aset rampas makasanya sahkan ruu rampas aset,positif
implementasi ruu rampas aset rakyat rakyat rakyat,positif
kurus dorong dpr kesah ruu rampas aset tidak gubris bambang pacul ngomong inti ketua partai jokowi jaga sehat musuh power,negatif
bener debat orang twitter pingin rampas aset dpr jera jangan jangan buzzer bawa ruu rampas aset,negatif
ruu rampas aset sita pura pura monyet bayang,negatif
bpk gabisa pecah simple dengar rakyat ikutin rakyat rombak habis dpr,negatif
situ letak tolol hater jokowi saking darah daging otak ganti daging bukan otak tidak mikir bijak tuju dpr ruu rampas aset triliun,negatif
sahkan ruu rampas aset fokus dpr jangan anarkis rakyat rugi dprri demo,positif
jkw desak dpr selesai ruu rampas aset dewan sengsara rakyat tuli rakyat rampas aset,negatif
mreka babi buta bukan intropeksi gmpang sbnernya slsain konflik nabrak adil transparan tunjang dpr hapus sahkan ruu rampas aset copot kapolri dpr ngatain rakyat copot selesai rakyat diam nyuruh tembak gerak,positif
proses sahkan ruu rampas aset dorong fraksi tuju,positif
allah beneran prabowo tidak langsung ngomong copot kapolri dpr undur gaji dpr atur ruu rampas aset koruptor sah prabowo sulit ngomong kaya allah takut korban,positif
solusi mundur tenang reach bantu odol,negatif
sah ruu rampas aset rakyat rampas aset,positif
